symbol,side,setup,result,pnl_pips,body_size,upper_wick,lower_wick,adx,z_score,atr,rsi14,bollinger_bandwidth,dist_ema9,dist_sma21,dist_sma200,dist_vwap,hour,day_of_week
JP225,BUY,Russian,1,45.01000000000204,0.30348224247767014,0.6069644849553403,0.18208934548660208,27.003283456708917,0.5246465383034709,41.18857135741553,59.126828808986055,0.006279929411434953,-0.0002005399879093347,0.0008242616444593188,0.0009066479731381742,0.0011030566901283167,17,1
JP225,BUY,Russian,0,-17.510000000002037,0.7241750807897823,0.14483501615795646,0.14483501615795646,15.954919544987266,1.4989928546903863,17.26101923635311,50.12361524857954,0.0010901338843896807,0.00017761591217451523,0.00040409153430225124,0.0018066754006531441,0.00034570317793783666,2,2
JP225,BUY,Russian,0,-45.01000000000204,1.1075684687160916,0.0,0.4259878725831122,22.58929641210134,0.5617487407933334,29.343558360481712,55.344134050173594,0.003130457986804699,-0.0001970590365663274,0.0005109832054961422,0.0007673398117784904,0.001110219913643931,8,3
JP225,BUY,Russian,0,-17.510000000002037,0.3509068673150446,0.08772671682876115,0.1754534336575223,21.529383796313397,0.24957466591337402,28.49758990616159,53.35685937882532,0.0029233179594447545,-0.00031653232647438107,0.00018607534487171963,0.0005986500108318701,0.0008986510748254486,8,3
JP225,BUY,Russian,0,-22.510000000002037,0.5818493265721936,0.08312133236745621,0.08312133236745621,16.007552929548652,1.247753130774994,30.076515002769657,59.34372977107591,0.002108602496391135,0.0006767481302303598,0.0006273884504910645,0.001710536433375077,0.0015869679216266204,9,3
JP225,BUY,Russian,0,-27.510000000002037,0.6939376793318561,0.0,0.3965358167610607,16.450924612861012,0.6725486426119973,25.218402921786176,57.20020437572091,0.002388621431170687,0.00045199896682726647,0.000394963601102481,0.00022368576308102285,-0.00014068009979039257,15,3
JP225,BUY,Russian,0,-55.01000000000204,1.3713327890988294,0.45711092969960976,0.1828443718798439,17.904358902265958,1.8654930734645017,27.34565985594431,64.14061715437306,0.002623652782526439,0.0010514424652732664,0.0011658257240299327,0.0010797415702385041,0.0007181870637697014,15,3
JP225,BUY,Russian,0,-45.01000000000204,0.6991373027984399,0.17478432569960997,0.6991373027984399,19.253976456713406,0.8405567924435677,28.606684151948286,57.22240959215948,0.002653217641544356,0.0003634713199871772,0.0005339233070033913,0.00048091570111354336,0.00011934850617252127,15,3
JP225,BUY,Russian,0,-35.01000000000204,0.6362395110528354,0.2544958044211342,0.0,11.84322624460754,0.39321505898163917,39.29337861873831,51.70633959076866,0.0022584655755282877,0.0001640626916751484,0.0002180102639231427,1.3930856515533375e-05,-0.00011126391504379912,18,3
JP225,BUY,Russian,1,27.510000000002037,0.5201425943751141,0.13003564859377853,0.06501782429688927,11.673908609059744,1.4223410097424585,38.45099443168557,55.405053298901635,0.0023783238755494354,0.0006088585346721828,0.000805682468975119,0.0005957008705988342,0.00048334576641706023,18,3
JP225,BUY,Russian,0,-12.510000000002037,0.38645746312565593,0.25763830875043725,0.0,19.417120658859588,0.11792895272892369,19.407051786088523,52.17998023067142,0.0021051317274684506,-0.0001659552637659129,8.016021952915563e-05,0.0012912229908184404,-0.0002636357643586078,1,4
JP225,BUY,Russian,0,-30.010000000002037,0.5272647558324657,0.3766176827374755,0.0,23.238961453872612,0.7871904213397927,33.190156949463336,63.59115528514896,0.0036227865349721987,0.00099186852755466,0.0006799301682486659,0.0013881345808162294,0.0011176999603313724,18,0
JP225,BUY,Russian,1,10.010000000002037,0.43294467515502355,0.1443148917183412,0.0,19.401452889395703,0.8308168222880409,17.323229572726564,59.39991927011119,0.0016944329499897096,0.00010855670609729373,0.0003348972608497858,0.003616181363802926,0.00015383129865791545,1,1
JP225,BUY,Russian,0,-15.010000000002037,0.7031473901312381,0.0,0.35157369506561903,16.5282568546031,0.7517048354199101,14.221769347865406,58.873108278873126,0.0009204627067852561,1.9041056519335994e-05,0.00022612062548360128,0.003622542255880258,0.00015627212950995628,2,1
JP225,BUY,Russian,1,10.010000000002037,0.5387848051386457,0.0,0.1795949350462152,16.115292982730157,1.3031732936775506,13.920214394446448,61.23767630945317,0.000829889159490891,0.00012170629441116972,0.0002981795605366904,0.003744634670658983,0.0002744700342801834,2,1
JP225,BUY,Russian,1,25.010000000002037,1.3594688822415995,0.33986722056039986,0.0,16.91176929786929,2.6244174222211623,14.711627651985989,67.3099041403984,0.0009619617630757971,0.0004167433502870753,0.0006396164578037632,0.0041301818398545975,0.0005903373601177386,2,1
JP225,BUY,Russian,0,-32.51000000000204,0.22699304926324015,0.6809791477897205,0.5674826231581004,28.44962345625236,0.7864274575494763,22.02710618773873,59.01994547792939,0.0024367374460819795,-7.05239079152917e-07,0.000455892894347112,0.0008376570490575385,0.0002555286299778457,16,1
JP225,BUY,Russian,0,-35.01000000000204,0.3267441176444232,0.9802323529332696,0.21782941176294882,27.855152508142993,0.5209396240022528,22.95374146004311,57.12605042385001,0.002396083918464536,-0.0001068935079259654,0.0003039228230540326,0.0006932365302930248,0.00011474964983748548,16,1
JP225,BUY,Russian,0,-32.51000000000204,0.822778034946424,0.16455560698928481,0.08227780349464241,15.840709413330867,1.2861235865598226,30.38486558726364,56.292964647725434,0.002753010132025676,0.0009195603861184393,0.000845968297594579,0.00034016389981181706,4.110032793284065e-05,18,1
JP225,BUY,Russian,1,22.510000000002037,0.2584848082302444,0.2584848082302444,0.2584848082302444,13.22164396326136,0.69190799034515,29.015244846882464,53.88548238777003,0.002653543455377334,0.0003339585878424315,0.0004561961935599255,8.246466123266636e-05,-0.00021748837458419404,19,1
JP225,BUY,Russian,0,-67.51000000000204,0.614759517920464,0.7513727441250115,0.47814629171591644,24.850467424828114,0.509367618369134,36.59967734393173,52.46113743948563,0.003730992529998582,-0.000316686088678062,0.0004660377021837994,0.0003367419496767111,4.0504728759601334e-05,3,2
JP225,BUY,Russian,0,-35.01000000000204,0.4329322630014408,0.2164661315007204,0.1082330657503602,34.19190029302868,0.14928296999766555,46.196603277712846,53.26385808754761,0.007714940257716937,-0.0005640207008895306,0.0002837669186512699,0.0001757069054439663,0.0003160956719886947,17,3
JP225,BUY,Russian,1,17.510000000002037,0.28290496446191876,0.37720661928255833,0.0,22.929990372589838,0.27878787921666326,26.510669454899435,51.4225795124791,0.004809234559191595,-0.0003438885507556457,0.00034892593490671735,0.00169165365017502,0.00024993883051109664,10,4
JP225,BUY,Russian,0,-40.01000000000204,0.980889364461753,0.08174078037181276,0.24522234111543825,26.328429101619005,0.36902398669875885,30.58448902283899,53.62825477569919,0.0040836625075718145,-0.00023056936292309844,0.0003774680830582631,0.0022748946308397224,0.0009059037267902697,11,4
JP225,BUY,Russian,0,-15.010000000002037,0.24511128156786827,0.0,0.24511128156786827,25.639398635704925,0.27461503873526777,30.59834680813475,53.64524085373884,0.0027206968892118464,-0.00016486231879100355,0.00022061418144015543,0.0024491330265689407,0.0011818116181409094,11,4
JP225,BUY,Russian,1,72.51000000000204,1.5434757209269632,0.06710764004030274,0.33553820020151376,46.924833228499544,0.7595436998606477,37.25358243112972,68.89584264398702,0.008997175569354416,0.0008075988041572982,0.001960775498937588,0.005498275888617023,0.0014264952210680843,2,0
JP225,BUY,Russian,1,82.51000000000204,0.11326932748923671,0.5097119737015652,1.245962602381604,52.400013829149664,2.075988466734761,44.14257690790227,72.38733088025648,0.0038719839922080846,0.0010639870949607781,0.001916542189708672,0.007346758750761644,0.0022041375207065054,3,0
JP225,BUY,Russian,0,-0.010000000002037268,0.0,0.0,0.0,20.807794211840328,0.11033457419941953,13.930212719461958,51.94544387723975,0.0012424204416931531,-3.3550516833671586e-05,3.782841048225433e-05,0.0015153415539244422,-0.00040204156343175124,1,1
JP225,BUY,Russian,1,15.010000000002037,0.08817747090176775,0.0,0.4408873545088388,11.267084653036493,1.0633438881470156,28.35191318636335,54.668502128280785,0.001853813447272403,0.00020565482098426814,0.0005186833124151298,0.0010286958929902647,0.0003163906391460865,19,2
JP225,BUY,Russian,0,-75.01000000000204,0.7691536892998219,0.03845768446499109,0.34611916018491984,41.989723499211586,0.5098842477095785,65.006513906884,58.54535826881956,0.01664899342530955,-0.0007266764899276648,0.0020900193646385574,0.008643567314099357,-0.000922823932894904,2,3
JP225,BUY,Russian,0,-80.01000000000204,0.8787293182653402,0.2027836888304631,0.0,30.44919717362428,1.0650482055058796,73.97044647185957,62.07258238192404,0.007607332784510571,0.0023992066111335687,0.0019686466359281353,0.01081628077236673,0.0024174383548713992,3,3
JP225,BUY,Russian,0,-72.51000000000204,0.7951051827882405,0.04184764119938108,0.37662877079442975,24.582351189890478,0.5627799533326018,59.74052367943201,55.450057079360036,0.00717170806779656,-0.00021622943801984657,0.0010084073535454247,0.009610216759390498,0.0017761199813464798,5,3
JP225,BUY,Russian,0,-25.010000000002037,0.3518305386365119,0.1407322154546048,0.21109832318190716,18.026516080076696,0.5517389870663592,35.52846790515298,49.736589581409234,0.0025217676673265636,-0.0001787149844381867,0.00033860237505493185,0.0022446171981908318,0.0017790762916315356,11,4
JP225,BUY,Russian,0,-37.51000000000204,0.9740582205615271,0.48702911028076357,0.0,23.025817136858777,0.08744553429440788,25.665816962756033,51.613041401796934,0.0026180006694608926,-0.0003851339259765719,6.348148485686174e-05,0.0002757032269704934,0.001187876316248242,15,0
JP225,BUY,Russian,0,-40.01000000000204,1.0011548254071752,0.0,0.14302211791531075,22.3829763408689,0.2990278860225822,34.95962773366777,48.77172765753157,0.004250512671836528,-0.0005675282853922049,0.00034785033803712696,0.0014895647033865973,0.0005206351527526985,5,1
JP225,BUY,Russian,0,-120.01000000000204,2.5414288113727386,0.309930342850334,0.1239721371401336,20.327894205601048,0.3196823528229016,40.33164318485679,51.32411836236919,0.0039417545849987565,-0.00016811138668442512,0.00029966052058931524,0.0031204270658455936,-0.00026405012882379635,3,2
JP225,BUY,Russian,1,12.510000000002037,0.08441689071116525,0.1688337814223305,0.1688337814223305,19.509049998280364,0.49009404254060984,29.61492633688464,52.81655797463648,0.0027406172553735117,-0.00010478374981510632,0.0003372124191034368,0.002649214413100834,0.000612865942092145,5,2
JP225,BUY,Russian,1,17.510000000002037,0.18106494657017771,0.2715974198552666,0.18106494657017771,19.334580773594233,0.7264822722295514,27.6144007700689,55.23234024715617,0.0027304125591080686,0.00011286826607968285,0.00047581922615459336,0.0028235780861942342,0.000858205725406597,6,2
JP225,BUY,Russian,0,-35.01000000000204,0.2012936231475703,0.704527681016496,0.5032340578689257,21.47036617116024,1.0443874723678972,24.839336297973293,59.22569756346174,0.001800537886983959,0.00020591260817870173,0.0005197171030506994,0.003054587378116327,0.0012423012080326678,6,2
JP225,BUY,Russian,0,-27.510000000002037,0.6378027111290651,0.21260090370968834,0.31890135556453253,22.094943415917278,0.37056525670897683,23.51824433835719,50.226629311453806,0.0028722279035617707,-0.0002600959722080037,0.0002615908279977983,0.0010923074660705333,0.00029449813849327183,9,2
JP225,BUY,Russian,0,-20.010000000002037,0.14393500355712271,0.7196750177856135,0.28787000711424543,11.886310770417253,0.6905838276367411,17.36895083347699,51.55195688197253,0.001574250885934256,1.8997055764706574e-05,0.0002772802732491314,0.0005661744333523745,0.0003502360239330214,15,2
JP225,BUY,Russian,0,-30.010000000002037,0.9695415639761253,0.0,0.19390831279522508,31.816759192032265,0.2887345166012283,25.78538242081555,53.80014844891978,0.0034012302311182646,-0.00021975612147913975,0.0002627515312494909,0.0010503457728257366,0.0003777104765436191,11,3
JP225,BUY,Russian,0,-20.010000000002037,0.19706653985583095,0.4926663496395774,0.09853326992791547,31.699430084795452,0.12127894839320463,25.372140819328727,53.049301796302885,0.003068107009487772,-0.0002289757917040263,9.81264843293772e-05,0.0009857267972235453,0.0003087602210403786,11,3
JP225,BUY,Russian,0,-27.510000000002037,0.26527294038228727,0.3536972538430497,0.3536972538430497,15.71295972687519,0.7341957749402034,28.272766868688837,55.75875036464041,0.0025003321193329737,0.0003362006898850707,0.00044023236775708854,0.0037299490069348687,0.0014436270231912925,6,0
JP225,BUY,Russian,0,-17.510000000002037,0.2726947127710685,0.0,0.36359295036142464,15.593005446666757,0.46481692165259775,27.50328352092535,54.48929089132684,0.0024246899680480695,0.00016405829506920038,0.00027786849264768823,0.003557153732360439,0.001299322862027171,6,0
JP225,BUY,Russian,0,-15.010000000002037,0.22073911294504497,0.11036955647252249,0.3311086694175675,16.84139152282164,0.7011226953062744,22.651173746651757,55.05903710968411,0.0019640302172510915,0.00018424606435606233,0.00032809690670236363,0.0016842072406221705,0.0004524538984172765,11,0
JP225,BUY,Russian,0,-17.510000000002037,0.4963241689744929,0.24816208448724644,0.12408104224362322,11.165951929456503,0.43193859062054774,20.148122185268637,53.23586195191999,0.001323302428935318,3.310648119890241e-05,0.0001468261802950155,0.001599666104537328,0.0004884126014285111,12,0
JP225,BUY,Russian,0,-15.010000000002037,0.4332157833855508,0.0,0.4332157833855508,14.68185635731701,0.8507092202121025,17.31238862395093,55.51686859983582,0.0014704209534050579,3.3537994372366336e-05,0.00031859428704215356,0.0018187743155895473,0.0007935925454463651,13,0
JP225,BUY,Russian,1,15.010000000002037,0.5907022049131158,0.0,0.5907022049131158,15.574307061333899,0.8245370608129938,12.696753012972328,58.60448639636686,0.002007274445905039,0.00010531626084181677,0.00041500083373597523,0.0021229200551747163,0.000217071773886105,2,1
JP225,BUY,Russian,1,12.510000000002037,0.19711892203590017,0.19711892203590017,0.5913567661077005,14.554180588943602,0.4930091730339036,12.682699226331447,55.68941795716678,0.0018371030045410766,-2.027402535755845e-05,0.0002367657681558953,0.0019666565006362384,8.12578938166601e-05,2,1
JP225,BUY,Russian,0,-25.010000000002037,0.0,0.6605857755880711,0.9908786633821066,16.00770431163494,1.0983978702125288,15.138079519041616,60.417342158137735,0.0009512720643622068,0.00015264910485979268,0.0003959446842205066,0.0022768069658218064,0.0003427972446538151,2,1
JP225,BUY,Russian,0,-37.51000000000204,0.9086210987303602,0.24780575419918918,0.08260191806639638,12.667793617596992,1.3371098672749284,30.265641022893327,57.93690292779807,0.002864013054628763,0.0006434834792941487,0.0009587306545584741,0.00030082178239740104,0.0005602674310012127,18,1
JP225,BUY,Russian,1,25.010000000002037,0.6040302631091075,0.0,0.06711447367878973,15.584640758258486,1.5156756671584632,37.24978924762213,56.91452539646271,0.002294408067709954,0.0007985636961543005,0.0008277782153867826,0.00044650331722245165,0.0007392806682314463,18,1
JP225,BUY,Russian,0,-25.010000000002037,1.299480519986769,0.0,0.14438672444297432,20.07836912377878,0.27381374981011647,17.314611226514646,53.77474866499231,0.001497223087030633,-4.300067764911868e-05,9.753665483814581e-05,0.003350220494643866,-0.0002671818349560913,2,2
JP225,BUY,Russian,0,-25.010000000002037,0.5162546200145061,0.2065018480058024,0.3097527720087036,20.289553512413793,0.5574325677031114,24.212858375289247,54.07863462744432,0.002240053622329199,-2.544860849789926e-05,0.000303302597413276,0.003660186031478231,4.699719635051143e-05,2,2
JP225,BUY,Russian,0,-92.51000000000204,0.44549245443046254,0.19092533761305536,1.7183280385174984,19.43635071251362,1.9690142940351714,39.282371285890314,65.09577588858747,0.004114013640542529,0.0011801168424226119,0.0019374749011751764,0.00530227782638248,0.0015294142920804993,3,2
JP225,BUY,Russian,1,25.010000000002037,0.5271812266733349,0.10543624533466697,0.4217449813386679,10.627049814584861,0.6265503648410389,23.711011256752435,51.798731442395514,0.0019351783905720882,4.452594372867042e-05,0.0002886846566004477,0.0012333438956605301,-0.0002678615543307245,7,2
JP225,BUY,Russian,1,20.010000000002037,0.35375072710594996,0.11791690903531665,0.4716676361412666,9.376616272215804,0.8796482112891157,21.2013698497748,54.936927139535534,0.001738170408884274,7.663964794990728e-05,0.00040960864426177804,0.001551008384309409,0.00017797037534402808,7,2
JP225,BUY,Russian,0,-22.510000000002037,0.17002062822086916,0.4250515705521729,0.17002062822086916,12.368804688930105,0.6774845003662125,29.408196242544385,52.208569785251726,0.0021457344432813555,2.2534697898807424e-05,0.00034610649648246603,0.0018785366838637643,0.0014735204104491923,20,3
JP225,BUY,Russian,0,-40.01000000000204,0.7521021346186217,0.45126128077117306,0.0,17.233937925375415,1.0600253681863434,33.24016626103192,56.0403864863322,0.003343227142864073,0.00026299372374445434,0.0008656980004470622,9.926088214696312e-07,0.0007087952641826623,2,0
JP225,BUY,Russian,0,-42.51000000000204,0.11133222542002796,0.7236594652301818,0.11133222542002796,23.767907705769804,0.41192563189542447,44.91062656060526,58.50956652172094,0.004404564484929055,0.00015967169154248523,0.00047472053202276176,0.003109622574788582,0.0015607243711685266,4,0
JP225,BUY,Russian,1,37.51000000000204,0.4158282506758847,0.0,0.47523228648672533,20.93585991777297,0.45017538250665484,42.084682730323415,50.72063000887681,0.006096103607830716,-0.00019956879280828653,0.0006903573876797018,7.216986723270147e-05,0.0006953251744233582,4,1
JP225,BUY,Russian,0,-27.510000000002037,0.1272623842507075,0.50904953700283,0.06363119212535374,21.152865967600825,0.15899707783004668,39.28890716167927,51.953935712583906,0.003439062782952576,-0.0003115316222345604,0.0001514930899239214,0.0007393708847984627,0.0011752503767040526,5,1
JP225,BUY,Russian,0,-30.010000000002037,0.45238378375040633,0.12925250964297325,0.19387876446445987,15.466396404445144,0.5305274915435383,38.683968410448756,53.817817368123315,0.003086953335320143,0.00026321815263525303,0.00038944409192542194,0.0011186049531143269,0.0015094338574260467,6,1
JP225,BUY,Russian,0,-10.010000000002037,0.0,0.14195933468490834,0.14195933468490834,12.986853820067443,0.3344945931761457,35.221354137069994,51.72938258995761,0.002566210820791299,-3.635084828476406e-06,0.00021325711561101488,0.0007579344292894934,0.0012114137982267446,7,1
JP225,BUY,Russian,0,-25.010000000002037,0.5151772735706892,0.1717257578568964,0.1717257578568964,25.66364894458039,1.1377564600547911,29.116191201593832,58.47843340841923,0.0024010296277949543,0.0004453471579984911,0.0006692380776538845,0.00018436936669484008,0.0001689753708125135,18,1
JP225,BUY,Russian,0,-27.510000000002037,0.2586140105211154,0.08620467017370513,0.6034326912159359,25.248190026162533,0.8317427541717946,29.000748972908557,57.108762201403245,0.0022750858434315417,0.0002521814178464789,0.00048331165742510106,6.37332215790046e-05,3.9048664246113554e-05,18,1
JP225,BUY,Russian,0,-27.510000000002037,0.7044226051086949,0.2641584769157606,0.0,15.491962927100818,1.6471478807765896,28.392047408691447,58.10586778918696,0.0017574607048291625,0.0005557914901804308,0.0006939515701609721,0.00043902935877127973,0.0003233479013257896,19,1
JP225,BUY,Russian,0,-40.01000000000204,1.0224835128232417,0.14606907326046312,0.0,17.725506344882714,0.020838421460273794,34.23038079446324,49.28509627250871,0.007197390139416128,-0.0008588565699734024,3.690141204713145e-05,0.0005918578962114234,0.0005486866135350107,18,2
JP225,BUY,Russian,0,-17.510000000002037,0.08502115672792883,0.08502115672792883,0.4251057836396442,33.49964997859469,0.1969944255051966,29.4044458604592,55.712438792311175,0.008195783206074994,-0.00039820469392050134,0.0004147337632719452,0.0007093709982205303,-0.0008655276175493738,2,4
JP225,BUY,Russian,0,-47.51000000000204,0.0,0.2791101229861525,0.6047385998033304,42.50011420007746,0.9151614448274035,53.742228477840605,58.25901052406674,0.005013682447125986,0.0003186841681324598,0.0011005475981503052,0.008425605574164162,0.0013238191025668762,3,1
JP225,BUY,Russian,0,-15.010000000002037,0.11589591047913972,0.4635836419165589,0.11589591047913972,17.140195741930505,0.35125673674535796,21.571080374315528,53.72072434488667,0.0017873856418188514,-8.355076427602579e-05,0.0001504487758026724,0.003837943057289898,-4.3157170861671674e-05,8,1
JP225,BUY,Russian,0,-22.510000000002037,0.5391273329630527,0.43130186637044216,0.0,20.36987279732273,0.2883100143507957,23.185617266518086,52.88403579229064,0.0022253792723800217,-0.00023017332693726415,0.00016880887792773886,0.003945357236014416,0.00030142987658955006,8,1
JP225,BUY,Russian,0,-30.010000000002037,0.8841922825077774,0.17683845650155547,0.0,19.2368606167966,0.2632169395644471,28.274392905911956,50.29486787068371,0.0031686619950136684,-0.0004257654794789797,0.00021200615562648893,0.0013299537604634043,-0.00029588307944349246,12,1
JP225,BUY,Russian,1,7.510000000002037,0.5729368289930642,0.0,0.0,23.2785743158203,1.9233298745123142,13.090448406295057,58.30399996136605,0.0005924300467111888,0.00019599890154483113,0.00027096233034181935,0.0015327095689068335,0.0002293171369280684,1,2
JP225,BUY,Russian,0,-25.010000000002037,1.4666064099004945,0.0,0.36665160247512363,31.220362887105637,0.3434928703324571,13.63692389790997,53.06785600681312,0.001585139716334354,-0.00019162544363258426,0.00013307569355264286,0.001646645283622147,4.1764773779659564e-05,2,2
JP225,BUY,Russian,0,-7.510000000002037,0.1894144278515645,0.1894144278515645,0.1894144278515645,30.650342000779595,0.6057257089861747,13.1985721909164,55.40876100248589,0.0015743206726413286,-5.021307826480865e-05,0.00023044448041025192,0.0017808272182318575,0.00015464902100963652,2,2
JP225,BUY,Russian,0,-5.010000000002037,0.0,0.19544180735143538,0.19544180735143538,29.8679030475844,0.21956281830705987,12.791531320136656,52.58418524988772,0.0015657146459663884,-0.0001432647946906613,8.229650862460016e-05,0.0016555211584677013,2.3842692538594857e-05,2,2
JP225,BUY,Russian,1,45.01000000000204,1.0698855077735374,0.4279542031094149,0.4279542031094149,26.439929406720214,1.8088403261222241,23.36698629746441,61.3056283039696,0.002415350552988512,0.00107332432852493,0.0010495756952149224,0.0026249336768171725,0.0011946380154121358,2,2
JP225,BUY,Russian,0,-122.51000000000204,2.2927478088094633,1.4520736122459934,0.0,27.902300458743834,0.32069860112347326,32.71184022587493,52.14574678107006,0.0031968818759218736,-4.5193456068388146e-05,0.0002454756083775335,0.0019488700613655115,-0.00017010200174830294,3,2
JP225,BUY,Russian,0,-30.010000000002037,0.13156746806688688,0.6578373403344344,0.0,25.65940751405763,0.3252590520172666,38.00331551153722,52.427143932837105,0.0033233888131020657,0.00022024266841250747,0.00025773594437027375,0.002019533042332134,6.91441172555214e-05,3,2
JP225,BUY,Russian,0,-42.51000000000204,0.36635238642902396,0.24423492428601598,0.42741111750052796,23.042254364257914,0.6710615196426759,40.94418531351933,53.95700528370236,0.003487743606214465,0.0003161173096272762,0.0005583799079445668,0.002401465711483061,0.00038929401741880434,3,2
JP225,BUY,Russian,1,27.510000000002037,0.6796124877325938,0.0,0.0,14.787902260791345,1.1804081841966343,40.46423586439511,56.72562005809939,0.003300570922616867,0.0009971309944524986,0.0009265254290119711,0.0026997591751112063,0.0009850884616700174,4,2
JP225,BUY,Russian,1,52.51000000000204,1.8625118989685032,0.49666983972493417,0.24833491986246709,57.386286310892,1.6687198020191407,20.134099557038137,76.28549843367321,0.002933438956515516,0.0005113577887470313,0.0011998689228478383,0.006231029005647559,0.0002720371202603058,1,4
JP225,BUY,Russian,0,-52.51000000000204,0.6934008300435947,0.260025311266348,0.8667510375544932,50.110339230060376,1.7844786811277376,28.843345916881272,69.32191070679212,0.0022770196439242923,0.0008126485534027479,0.0011581599598717175,0.007599009266214292,0.0013422480018467756,2,4
JP225,BUY,Russian,0,-90.01000000000204,1.7094214308071367,0.412618966056895,0.0,50.646548815009936,0.28016333046111064,42.41201069169217,54.46022990027566,0.002778175357241278,-0.00030860953972601404,0.0001909477792074691,0.006886278466903172,0.00011440802148511819,3,4
JP225,BUY,Russian,0,-22.510000000002037,0.2875907062403861,0.07189767656009652,0.2875907062403861,29.589503478605856,0.6237975047268717,34.77163824494865,53.71968468330433,0.004256709854172983,3.950914331460124e-05,0.0007000055751291138,0.006109887672318011,0.001518184704689727,10,4
JP225,BUY,Russian,0,-45.01000000000204,0.39394451513316947,0.4502223030093365,0.16883336362850118,24.217299259393542,0.12731721058967732,44.42249943265305,54.42772847241461,0.006572240543594936,-0.0006697280103347037,0.00023376270243165756,0.007130733218899687,0.0015662472574353046,4,0
JP225,BUY,Russian,0,-35.01000000000204,0.17663168981982488,0.5887722993994162,0.05887722993994163,22.091247078925935,0.17788344653854415,42.46123675570595,56.8381028457214,0.004741598405401226,-0.0001735992640237087,0.0002482698570203538,0.0074139606769356445,0.0018805894247935894,4,0
JP225,BUY,Russian,0,-50.01000000000204,0.7365879522377045,0.4017752466751115,0.20088762333755575,20.663639966708338,1.8607069141080126,37.33430599354342,55.95792732264337,0.002338931024340779,0.00065758796470839,0.0011565631552456599,0.00011833361714536268,0.00031954744166955433,17,2
JP225,BUY,Russian,0,-22.510000000002037,0.2791974037821839,0.0,0.34899675472772984,24.564085941716215,0.4933323545514908,35.81695196493127,52.88569481184225,0.003746991008827648,-0.0001371985915641956,0.00045312304646934014,0.0002958188230366595,0.0006316630805312561,18,2
JP225,BUY,Russian,0,-37.51000000000204,0.20869757041035414,0.6956585680345139,0.13913171360690277,24.11638318620533,0.1615420088016254,35.9371696817219,50.81857333905956,0.0035625789451724454,-0.0003113188737271499,0.00014403090211821605,2.4572337370022e-05,0.0003768269891154573,18,2
JP225,BUY,Russian,0,-20.010000000002037,0.1436831137807591,0.2873662275615182,0.1436831137807591,23.70065919894522,0.37410780918832254,34.79880041874176,52.80515767476759,0.0033298331774085205,-4.750420516406079e-05,0.00031804342946633685,0.00025895006396889315,0.0006261730374051549,18,2
JP225,BUY,Russian,0,-20.010000000002037,0.29636880131239324,0.22227660098429491,0.07409220032809831,23.658741869476074,0.6705577970611124,33.74174324597449,55.23904210456878,0.002842678917264755,0.00021392750852319888,0.0005370217773071833,0.000554432130450824,0.0009374465305077137,18,2
JP225,BUY,Russian,0,-25.010000000002037,0.1509783410961357,0.4529350232884071,0.1509783410961357,23.947727833991404,0.7012554400486538,33.11733301411917,55.73076688002819,0.0022921935206026826,0.00022151550689192287,0.0004799618679894945,0.0005997841784996937,0.0009957147519081035,18,2
JP225,BUY,Russian,0,-27.510000000002037,0.2292449637821717,0.534904915491734,0.07641498792739057,24.071757278396166,0.23629227245406184,32.71609494168208,53.21261458730566,0.001967665670653141,-2.431965324860889e-05,0.0001289769843150593,0.000330442595884025,0.0007401587199263077,18,2
JP225,BUY,Russian,1,2.5100000000020373,0.21036571935747428,0.0,0.0,26.936507079395415,0.3843971139907616,11.884065557999744,58.87261371796286,0.0010120091606179542,5.904348723763137e-05,9.755512746213833e-05,0.0002620516529432597,-3.328063619460682e-05,1,3
JP225,BUY,Russian,1,7.510000000002037,0.2160589156435233,0.2160589156435233,0.2160589156435233,27.18356942633946,0.800014075436811,11.570918018142619,61.5168781371527,0.0009820806150496431,0.00014797083466550417,0.00019568050281480463,0.0004099691486275622,8.546914885772334e-05,1,3
JP225,BUY,Russian,1,7.510000000002037,0.2291645202064452,0.2291645202064452,0.2291645202064452,28.71619331135827,0.5888077639959066,10.90919308865024,59.67810151599254,0.0008887642496167555,1.624680373255523e-05,0.00013760826098505093,0.0005959904139900483,7.641170449387335e-05,2,3
JP225,BUY,Russian,0,-45.01000000000204,0.1288414016413942,1.8037796229795189,0.3865242049241826,32.94943075373181,0.6480217296463291,19.403700737114608,57.28740000626756,0.0018685188857349177,-9.065167608718379e-05,0.000290697214432585,0.0010661222617512466,-8.008801560597829e-06,2,3
JP225,BUY,Russian,0,-55.01000000000204,1.7532382370614223,0.1095773898163389,0.5478869490816944,31.939043325380247,2.552070035527994,22.81492563557331,72.17822644686487,0.0021834182103847746,0.0008879639416689136,0.0013664127967579695,0.0022556882470497796,0.0010555226584924595,2,3
JP225,BUY,Russian,0,-25.010000000002037,0.9888551015590913,0.0,0.0,16.70341378126427,0.13374251467554155,25.281762677447308,50.365633756398225,0.0030765583667946876,-0.0003237285617878199,9.884070989341334e-05,0.001384662292523643,0.0002304777959659465,7,3
JP225,BUY,Russian,0,-10.010000000002037,0.10763617836527031,0.21527235673054063,0.10763617836527031,24.805854192751625,0.29134771906367374,23.22639133020952,54.59151446212748,0.0020032675867791548,-6.207527118812264e-05,0.0001527620602591072,0.0010404767736938627,0.0004775943742787687,11,3
JP225,BUY,Russian,0,-12.510000000002037,0.11130790090296223,0.22261580180592447,0.22261580180592447,24.75825006372282,0.4565890010097655,22.46022052090884,56.29088006918906,0.0018948513730932769,5.0960754869081034e-05,0.00021864632120908347,0.001162524899420636,0.0006012671775686438,11,3
JP225,BUY,Russian,0,-25.010000000002037,0.8051529957161881,0.48309179742971287,0.3220611982864752,22.36209631397206,0.6697998376481411,15.524999678950682,52.51636199533029,0.001376786545369027,-7.784250446296122e-05,0.00022172581740170062,0.0004649872449110268,0.00021717140410176314,15,3
JP225,BUY,Russian,0,-30.010000000002037,0.8171452120060777,0.40857260600303885,0.0,26.87579384831719,0.39973023968186117,24.475453941534255,56.24444710716787,0.005645028478258604,8.204299280181638e-05,0.000565582664720293,0.002417804313136764,0.0001765860732429493,2,0
JP225,BUY,Russian,0,-12.510000000002037,0.31399629693000963,0.20933086462000644,0.0,14.920625996354515,1.007488124403337,23.885632006901545,49.99079521241415,0.0010616413475109177,0.00017281476134228872,0.00025434685964708964,0.0006298795232831109,0.0005158118002163278,19,2
JP225,BUY,Russian,0,-20.010000000002037,0.5294795835107998,0.31768775010647987,0.0,14.34502103685622,0.011852801463389694,23.60808686355144,46.41059673857523,0.0010616413475109177,-6.281642170562412e-05,2.99231599580293e-06,0.0003969823307973246,0.00026322417943342927,19,2
JP225,BUY,Russian,0,-15.010000000002037,0.23393798174379074,0.11696899087189537,0.3509069726156861,11.738181226309786,0.8033319090614985,21.373186015924546,50.42447011062652,0.0010493121100571157,1.9867080878244814e-05,0.00020046177776733988,0.0006880238402616875,0.0005682698077637827,20,2
JP225,BUY,Russian,0,-15.010000000002037,0.0,0.4780581253700224,0.2390290626850112,11.017614254774918,0.9826073728349068,20.917958443358508,51.37763065857857,0.0010690788269015724,6.614853777972836e-05,0.0002513222061264312,0.0007433367326714064,0.0006287567599421892,20,2
JP225,BUY,Russian,0,-12.510000000002037,0.12176775244728213,0.12176775244728213,0.36530325734184643,10.659287442988171,1.316983361144556,20.53088728136248,53.13619250968127,0.0009020312229823533,0.00016251644320762563,0.00031114034660273084,0.0008184147595254963,0.0007484451338519117,20,2
JP225,BUY,Russian,0,-15.010000000002037,0.37622658017831273,0.25081772011887515,0.12540886005943758,10.445734410272575,0.357542462681773,19.93479566607275,50.00523895021366,0.0008874200036378616,-3.6699343926336224e-05,7.778159612301547e-05,0.0005930460308687952,0.0005553479898188506,20,2
JP225,BUY,Russian,0,-30.010000000002037,0.9682283493539633,0.16137139155899388,0.8068569577949694,20.9539064741964,1.831397437466557,15.49221318504931,65.78068912916173,0.0015591588144761726,0.0005114501594583955,0.0007234670114799357,0.002653738317333388,0.00020878008792468957,1,3
JP225,BUY,Russian,0,-15.010000000002037,0.5682729381157506,0.11365458762315013,0.0,15.140786753859208,0.22752808735146116,21.99647240188287,51.32305089536373,0.0028669907616292855,-0.0002296907569662979,0.0001561317677175589,0.0002355224477485777,0.0005863487235000197,18,3
JP225,BUY,Russian,1,32.51000000000204,2.04253317460931,0.0,0.17021109788410915,22.748804420042003,2.2337645761226397,14.68764393789507,65.36601136848768,0.0016594667155158782,0.0006785933865831174,0.0009195159772530765,0.001582562999073723,0.0002728105505324082,1,4
JP225,BUY,Russian,0,-27.510000000002037,0.8755081796982915,0.21887704492457288,0.10943852246228644,16.389693424586415,0.25437280258832884,22.84387566417962,51.63117372883602,0.002275665680632014,-0.00023603530286008908,0.0001387415128951336,0.00022677184826396874,-0.0008677369495127794,20,4
JP225,BUY,Russian,1,20.010000000002037,0.6680884395750508,0.11134807326250847,0.11134807326250847,14.744521168876979,0.9541141038709003,22.452117281869164,57.12304984396185,0.0018746413001962318,0.00020349944029050257,0.000491583054621861,0.0007158208831177256,-0.00042054139693860153,20,4
JP225,BUY,Russian,0,-20.010000000002037,0.7106605181848574,0.14213210363697149,0.28426420727394297,22.209334053367044,0.4085222174764058,17.58927037613829,55.92080334868805,0.0018037380495073054,-0.00014398945042917746,0.00017777787848508698,0.0014968877090914528,0.00014194895401409123,21,4
JP225,BUY,Russian,1,12.510000000002037,0.25861796740027604,0.12930898370013802,0.25861796740027604,18.574254862527496,0.8011300099618119,19.33353683915259,59.337081592395,0.0014003160204207868,0.00015923958893955626,0.0003163481378356675,0.0017798440048149829,0.00039521633750969455,22,4
JP225,BUY,Russian,1,10.010000000002037,0.40178164689894735,0.0,0.13392721563298243,17.28108288287337,1.0964068685245165,18.666855636355972,61.286779930141506,0.001083827540112619,0.00022859411140620418,0.0003765799653457696,0.0019094251340922444,0.0005210246739190304,22,4
JP225,BUY,Russian,1,42.51000000000204,0.5760048678153435,0.05760048678153436,0.3456029206892062,18.335384510783616,1.1660431985840967,43.40241098103798,60.370302755653924,0.004334450316415631,0.0014539173525200154,0.0012546092378347786,0.0007319722557919282,0.0017448383897445494,4,0
JP225,BUY,Russian,0,-15.010000000002037,0.17988032773338053,0.08994016386669026,0.26982049160007077,12.902892573917118,0.2530623142763174,27.796258006662207,52.401680222546645,0.0037045923907171154,-0.0002132393878961488,0.00024775937599743274,0.0001479773506084978,0.0010346848834157723,5,0
JP225,BUY,Russian,0,-12.510000000002037,0.19558541803466484,0.2933781270519973,0.0,11.20257079579956,0.2998828611322916,25.564278003147546,54.847796940590484,0.0018485962126660058,7.956641947838703e-05,0.00017820827850306727,0.0003901724971116215,0.0012557736863731811,6,0
JP225,BUY,Russian,0,-50.01000000000204,0.8909050953655134,0.34265580590981287,0.13706232236392515,22.101495432472102,0.3755483709718363,36.479755440916136,52.8381329582626,0.0038483721927400957,0.00023422860550552133,0.00034666007188577385,0.0021160494304009623,0.0005883338101564635,3,1
JP225,BUY,Russian,1,20.010000000002037,0.33089410411588727,0.33089410411588727,0.0,10.50161005614422,0.8653343295397783,30.221148928352477,51.6502053298822,0.002130815818104065,0.0002462169275628804,0.0004466898591260472,0.0004921645521286229,-0.00041590468632769285,7,1
JP225,BUY,Russian,1,15.010000000002037,0.0,0.17162123437815224,0.3432424687563045,9.992677761035873,0.8985742341970645,29.133924004898727,52.18753343597949,0.0019916774043954107,0.0002476533829030389,0.000464777865757003,0.0005399239850087471,-0.0003497738644833067,7,1
JP225,BUY,Russian,0,-2.5100000000020373,0.0,0.0,0.18313389433272484,5.567103171051492,0.965119304205565,13.65121409725445,54.07137215932815,0.0005547155003610785,0.00012176491135259275,0.000128437432651536,5.154835795839312e-05,0.00014320493976715732,2,3
JP225,BUY,Russian,1,30.010000000002037,0.7033130034289188,0.0,0.0,23.577190075035347,0.6079901521947961,42.65526138964952,53.2539263010603,0.0067476747096304355,-3.473111379454686e-05,0.0009767636607452095,0.0001957181246807453,0.0014194766410529085,4,3
JP225,BUY,Russian,1,35.01000000000204,0.18028538422396911,0.24038051229862548,0.4206658965225946,20.80221880511493,0.46431313348173403,41.600710075769236,52.76701690508625,0.0058022898735701515,-2.222959667568216e-05,0.0007052937103426533,0.00015221387584135268,0.0012805759986217592,4,3
JP225,BUY,Russian,0,-20.010000000002037,0.19417424423359833,0.06472474807786611,0.25889899231146446,18.69700016400565,0.4501990936482639,38.62510205512756,53.58551540763383,0.0035729758137316007,6.672578628191548e-05,0.000476024524687172,0.0003585911057825593,0.0014144216081815792,5,3
JP225,BUY,Russian,0,-17.510000000002037,1.0073730769744187,0.0,0.40294923078976747,15.848170542572511,2.4351120061780587,12.408511092576505,61.602336845737156,0.0007837166699244554,0.00041947566514059895,0.0004538216871994632,0.003293136078612193,0.00044977987039640765,2,4
JP225,BUY,Russian,0,-17.510000000002037,0.0,0.4841749815257129,0.3631312361442847,13.40302798605233,0.7922936699233392,20.653690053311713,50.64647417291685,0.0014629248197365722,7.492408987525954e-05,0.0003443135008556541,0.0009527022993801465,-0.0003522285171655086,5,0
JP225,BUY,Russian,1,12.510000000002037,0.49822423861177567,0.0,0.12455605965294392,13.17707984067977,0.266312803924904,20.071283620932302,47.88040179568779,0.0013761215840892912,-9.092129237408233e-05,9.280910836965328e-05,0.0007693682607455012,-0.000534974905136583,5,0
JP225,BUY,Russian,1,15.010000000002037,0.7542380445219476,0.0,0.0,13.406514675352561,1.3989954143666212,19.887620505151425,54.17003497470594,0.0013823909202402096,0.0002792546312832683,0.00048198406434942187,0.0012120183300942814,-9.335707304119758e-05,5,0
JP225,BUY,Russian,0,-10.010000000002037,0.30087727559720295,0.15043863779860148,0.15043863779860148,16.465920183175363,0.6382502836176389,16.618071238765502,51.84209273653844,0.0009532958473849451,-1.8524460675148697e-05,0.00014665085072164603,0.0011676886024410535,-0.00015423005078986569,6,0
JP225,BUY,Russian,1,7.510000000002037,0.3332457562209136,0.0,0.1666228781104568,30.868187260950325,0.7131262793597247,15.003942005747328,59.422064459400225,0.0011318450074645626,5.06098134327129e-05,0.00022614214895147334,0.006320250338839085,0.00014116985598027813,2,3
JP225,BUY,Russian,0,-15.010000000002037,0.8424552905080304,0.16849105810160608,0.0,30.22774314789108,0.31320425758377246,14.837582647812749,56.34433937991163,0.0008372343135201391,-4.4369232431646055e-05,6.749095729139342e-05,0.006163502410881481,4.644610135526944e-05,2,3
JP225,BUY,Russian,1,70.01000000000204,0.39054267549852206,0.0867872612218938,0.7376917203860973,19.27153678204784,1.7288984426967682,57.61214180058319,58.5619943090732,0.004140759439590442,0.001319694293695343,0.0017139025640222553,0.006611543031319055,0.0016434437378156548,3,3
JP225,BUY,Russian,0,-25.010000000002037,0.21201528703937256,0.15901146527952942,0.15901146527952942,18.976254962866047,0.33505177839200856,47.16641021334909,49.874471198219155,0.0042580867116343,-0.00031805507689738476,0.00034128892609231614,0.004055113300102992,0.0008199644472196108,9,3
JP225,BUY,Russian,0,-37.51000000000204,0.2680937929429216,0.08936459764764054,0.9830105741240459,35.413232414869476,0.6961795094383414,27.975284014116596,57.728340233596526,0.004352637751450726,-0.00014646429699758536,0.000731785591658267,0.002414487909971347,0.0007362176731675982,2,3
JP225,BUY,Russian,0,-65.01000000000204,1.0576322862353706,0.3172896858706112,0.0,24.234295382958006,1.5417937066147545,47.27541003686111,60.71330137516994,0.003581862033098734,0.0012583387011635902,0.00132515670007183,0.003432615718961202,0.0016925933964079137,3,3
JP225,BUY,Russian,0,-40.01000000000204,0.10393149300527477,0.10393149300527477,0.6235889580316486,27.015656245441775,0.9458319071959682,48.10861323570362,58.03370960276953,0.004114623568179782,0.0003832785878621267,0.0009716330080155571,0.0033167220340132903,0.0012996493699608416,3,3
JP225,BUY,Russian,1,20.010000000002037,0.12202287665244489,0.061011438326222446,0.3050571916311122,19.618106945694308,0.3208543652805347,40.97592301680767,49.49481419708857,0.003958436030460824,0.00030126048469035206,0.0003146520768477146,0.000459707700986351,7.814371284421587e-05,4,1
JP225,BUY,Russian,1,45.01000000000204,0.8738930328022398,0.2496837236577828,0.0,18.118698276413426,1.177554989390907,40.05066831551274,56.497621341423724,0.0039701585660400504,0.0009730612310946667,0.0011231358517488988,0.0014242456750009056,0.0010453098482263287,5,1
JP225,BUY,Russian,1,32.51000000000204,0.20397681789595554,0.06799227263198518,0.6119304536878667,17.071853412903017,0.6683830117235577,36.76888421617401,54.033221150931105,0.004017211368601363,0.00029263039808814654,0.000661390942189394,0.0011299549529625926,0.0007445042753522191,5,1
JP225,BUY,Russian,1,50.01000000000204,0.2872335850412839,0.22978686803302711,0.6319138870908245,15.320220146122084,1.0915686417247108,43.518587835762254,56.00273422305682,0.003972760354701484,0.00046934023961654417,0.001034247896809745,0.00012724306590262272,0.0011334882414394706,3,2
JP225,BUY,Russian,0,-50.01000000000204,0.9486909469390719,0.23717273673476796,0.0,14.244095401348066,0.20767758921309018,42.163362187716686,50.87775247046935,0.005295173558410119,-0.0005374233709114805,0.0002701251010414856,9.67520802224223e-05,0.0005517502478180918,4,2
JP225,BUY,Russian,0,-7.510000000002037,0.2444854187531501,0.0,0.12224270937657505,27.908276887092065,0.6476091372580915,20.45111739382853,48.47331032485287,0.001079105221749037,0.00017219340927314354,0.00017247128218681604,0.0017010579654850172,0.0008449465013242818,13,2
JP225,BUY,Russian,0,-12.510000000002037,0.11148523543967213,0.3344557063190164,0.11148523543967213,27.34068851349993,0.6338421368351879,22.424494060945154,51.347074607742044,0.001803691855980106,0.00018155892908540728,0.00027188853566375155,0.0014936283655614863,0.0008153031981806816,14,2
JP225,BUY,Russian,0,-12.510000000002037,0.23024920449582673,0.23024920449582673,0.11512460224791336,26.465194125995158,0.19747548917866556,21.7156016280205,49.07530911858028,0.0017876669349212173,-2.0855968604705306e-06,8.47821987411466e-05,0.0012943642131747182,0.0006285700230758622,14,2
JP225,BUY,Russian,0,-17.510000000002037,0.12489120490695561,0.49956481962782245,0.24978240981391123,22.205895166515425,0.589822844213592,20.017422378641545,51.45418852512344,0.0017716890733919736,9.578780174154662e-05,0.00024849446267816226,0.0014153350700361373,0.0007957538953247377,14,2
JP225,BUY,Russian,1,25.010000000002037,0.4640573619036397,0.0,0.1988817265301313,15.698772170321492,1.0109098014832072,37.710855244731206,54.95491276085731,0.0035040321844804507,0.000480259668429763,0.0008454892254596386,0.0005288046202661136,0.0007813929304072357,18,2
JP225,BUY,Russian,0,-47.51000000000204,0.7053596103086047,0.3847416056228753,0.12824720187429176,15.664138767609357,0.5886429224127449,38.98720538870714,50.36327221033352,0.0022778083759537743,0.00010079854795147211,0.0003366869169142001,0.0035436403521687024,0.0010412913604306076,9,3
JP225,BUY,Russian,0,-20.010000000002037,0.6126466892599354,0.0,0.36758801355596127,29.261708742467825,0.32693986367151207,20.40327683007598,57.02702586954139,0.0027789788937135056,-0.00029361470579190104,0.0002360313544340497,0.0005630516313268727,-0.0004694863802811129,1,4
JP225,BUY,Russian,1,15.010000000002037,0.37233032645795666,0.24822021763863777,0.12411010881931889,25.81257443390778,0.5200676196313929,20.143403496966815,59.045962642348584,0.002660778876456439,5.5637862160538e-05,0.0003348415395389972,0.0007429425715202775,-0.0001144686434599441,1,4
JP225,BUY,Russian,1,22.510000000002037,0.0706997584551224,0.1413995169102448,0.42419855073073437,20.47390542183265,0.567982178258212,35.3607997343712,50.60920777204086,0.003328100797271582,0.0002109614325521168,0.0004641897169231327,0.008806817385896715,0.0011447308122046068,10,4
JP225,BUY,Russian,0,-20.010000000002037,0.29185491518659934,0.07296372879664983,0.21889118638994953,19.030176153415535,0.287261012355311,34.263599753344685,48.997657688141594,0.003237942601169753,2.5276715361724233e-05,0.00022781019883933977,0.008546459623118364,0.0009612716943332207,10,4
JP225,BUY,Russian,0,-17.510000000002037,0.2127390477500001,0.0,0.5318476193750002,15.38025322118237,0.8404056657135343,23.50297255196771,51.20122565407401,0.001966758785222209,0.00017324929673698074,0.0004299696320037597,0.0016649461397170138,0.0003342243944292559,8,0
JP225,BUY,Russian,0,-17.510000000002037,0.2166923415473644,0.1083461707736822,0.4333846830947288,14.785336816502916,0.6538359238913781,23.07418879825573,50.42166497519169,0.0014878208337565108,9.139711239595534e-05,0.000309109382693977,0.001574540273553993,0.00027321572167026006,8,0
JP225,BUY,Russian,1,32.51000000000204,1.595567714560926,0.1329639762134105,0.0,9.532299076894093,2.500190056252306,18.80208513009146,63.14591053507671,0.0012516346510925373,0.0006301443125384273,0.0007569211491096201,9.779295936680196e-05,0.0001713391229548556,16,0
JP225,BUY,Russian,1,27.510000000002037,0.3184713778464619,0.0,0.8492570075905651,19.62939156800351,1.0629611989684227,23.54999702238806,59.798344732728424,0.0024854629288842247,0.00010111433904792124,0.0006299955199444734,0.0004093646754973484,0.00045004135475533935,16,0
JP225,BUY,Russian,0,-50.01000000000204,0.7936747617521343,0.7936747617521343,0.3968373808760671,22.760503902033406,0.5704323709979753,25.199238987828654,55.36339644680365,0.0028639963775682234,-0.00017199218648245065,0.00040490601675826856,0.00039035999701728715,0.0004056124518240932,17,0
JP225,BUY,Russian,0,-22.510000000002037,0.5003812813730131,0.10007625627460262,0.30022876882380783,21.716709383229418,0.9096280393883944,24.98095045782054,58.54916714343706,0.002598993347380968,0.00017253727504206817,0.0005903534824125432,0.0007846352809924779,0.0007988150182356078,17,0
JP225,BUY,Russian,1,25.010000000002037,0.42362450154493764,0.18155335780497325,0.0,30.24547986559848,0.8879978869603644,41.31016958692985,53.402778203285166,0.0031344035121359023,0.0008079731081954545,0.0006637793566182494,0.003813465102945342,-0.00022441097397817323,11,1
JP225,BUY,Russian,0,-20.010000000002037,0.08348831454278535,0.08348831454278535,0.5009298872567121,15.37556469320136,0.8872855262564564,29.944310334817242,55.66865342159517,0.0019933171532271515,0.00023605227591751634,0.0005125564062754166,0.004087894678750332,0.0007982985364268876,13,1
JP225,BUY,Russian,0,-15.010000000002037,0.2780418323090755,0.18536122153938364,0.09268061076969182,14.022191384932903,0.2819564659254174,26.97435827448759,53.24701510192884,0.001236604751451158,1.1349345486344002e-05,0.00010025903592906505,0.003712869154324441,0.0006138782377644869,13,1
JP225,BUY,Russian,0,-10.010000000002037,0.4001886304332511,0.0,0.0,15.46505610730772,0.4574276367858558,24.988216154901323,53.875425245869096,0.0012271168732531348,2.264916802083862e-05,0.00013922966121972152,0.0037287593112687975,0.0007823678990673865,13,1
JP225,BUY,Russian,0,-17.510000000002037,0.5616158134798436,0.42121186010988265,0.0,28.153423790330823,0.854227600916523,17.805766433175588,53.966196226028714,0.001606669397462274,-6.561467821486112e-06,0.00032875884327464424,0.006586727681313141,1.924866012007373e-05,1,2
JP225,BUY,Russian,0,-5.010000000002037,0.14733878946296608,0.14733878946296608,0.0,23.445144425332565,0.03811494495657273,16.967697434682538,50.27050193064357,0.0013918432384828004,-4.125679188020447e-05,1.3378080518887869e-05,0.0061391134304939095,-1.5610302607174797e-06,1,2
JP225,BUY,Russian,1,10.010000000002037,0.7573032328211345,0.0,0.0,16.419350758157023,1.3451951084467864,13.204750180119557,59.30654162390291,0.0009433588290901652,0.00032110621690394694,0.000302307695709125,0.006233011714616105,0.00042930970694066606,2,2
JP225,BUY,Russian,1,25.010000000002037,0.0,0.0,0.4507630967300707,18.60882480124879,0.4953543950862022,55.46150556989958,53.494175205677834,0.007092569040231252,-0.00011558109510067616,0.0009471400165566844,0.0034236799107652447,0.001972805753569688,5,2
JP225,BUY,Russian,0,-22.510000000002037,0.19440912010795539,0.06480304003598514,0.32401520017992563,35.724530001958826,0.3928268914645388,38.57843703955478,57.03025360409237,0.004196043189383289,-0.0002691525207366192,0.0005090679863132177,0.0016964144040059446,0.0015556293598376104,18,3
JP225,BUY,Russian,0,-22.510000000002037,0.14206306567800067,0.42618919703400204,0.07103153283900034,35.24648949386995,0.18098069169169498,35.19563636148027,56.794558742436124,0.002746627549471366,-0.00015836140714906813,0.00013624907389563724,0.0018539275860972714,0.00157673763834845,18,3
JP225,BUY,Russian,0,-25.010000000002037,0.6961867875894678,0.29836576610977195,0.0,17.575715029204183,0.2552929306569043,25.136932087713678,51.49266162954909,0.001920989337221866,-0.00013495229323455885,0.00011959843673379941,0.0024401164511621788,0.00116504329453087,21,3
JP225,BUY,Russian,0,-60.01000000000204,0.7395881924228649,0.26103112673748174,0.04350518778958029,22.58828900465737,0.0493009466569879,57.464411189112546,50.079628204645516,0.006141723005166339,-0.0006848732587330673,7.502205148159273e-05,0.002285848158939347,-0.00033662376795448714,4,4
JP225,BUY,Russian,1,50.01000000000204,0.17442604735757591,0.4360651183939398,0.26163907103636386,19.6023394986371,0.5463797630968267,57.33088693743002,54.77484832581709,0.005205346560532732,0.0004644430378678216,0.0006803340992469262,0.003360587404236485,0.0008261984382902129,4,4
JP225,BUY,Russian,1,47.51000000000204,0.4696536743028828,0.0782756123838138,0.9393073486057656,12.700666253647194,1.8958316432834452,31.938427868715873,56.610689587475896,0.002376608841949856,0.0006995043513421455,0.0010714553753393924,0.0030304063575155985,0.001311906130528793,12,0
JP225,BUY,Russian,1,15.010000000002037,0.17032639571872327,0.08516319785936163,0.25548959357808493,10.588492645843663,0.6502829348396417,29.355403071271418,51.10176027021349,0.002049130174963802,3.3980627625756207e-05,0.0003243789973988205,0.0023490778376140217,0.0007237422997944164,12,0
JP225,BUY,Russian,1,22.510000000002037,0.25932497691719963,0.0,0.5186499538343993,10.602169876656538,0.9656899170415142,28.921240403290152,53.34241730950974,0.0021901894985637297,0.00016822249467049588,0.0005069600380083849,0.0025534452744813032,0.0009933385627750922,12,0
JP225,BUY,Russian,1,7.510000000002037,0.37413363131381433,0.0,0.18706681565690716,18.855018949599234,0.5001990788714861,13.364208885584306,54.08618441893076,0.0018514991085239827,6.592916765681108e-05,0.00022805768865053082,0.0007482641702845554,-8.358625790593933e-05,2,1
JP225,BUY,Russian,1,7.510000000002037,0.3862394674332409,0.0,0.19311973371662045,19.249723923831965,0.555136149233746,12.945336822328285,55.155471877515986,0.0017520547106111828,9.838200634674474e-05,0.0002463183990704915,0.0008004190543681657,-2.2792842427442354e-05,2,1
JP225,BUY,Russian,0,-45.01000000000204,0.2988894006969329,0.4184451609757061,0.35866728083631955,13.578497697876827,0.4541504124624777,41.821489724470744,55.49664502427118,0.0049750084057879765,-5.221172581189605e-05,0.0005830739035737526,0.0009048645141207114,0.0008915890686408875,18,3
JP225,BUY,Russian,0,-30.010000000002037,0.1106847166072092,0.2213694332144184,0.3320541498216276,14.289199356758365,0.7002371759786382,45.17335503277908,57.35114538140129,0.0030716370031035325,0.0006705806284662636,0.0006162114445979941,0.0016397244840846495,0.001458950384222256,18,3
JP225,BUY,Russian,0,-25.010000000002037,0.17149755812698644,0.11433170541799097,0.2858292635449774,14.68761557556192,0.7998931651979182,43.73240110186629,57.993874009339116,0.003120197037058466,0.0006300567806458952,0.0005938223605999954,0.0017733933323106307,0.00156519825270212,18,3
JP225,BUY,Russian,0,-32.51000000000204,0.40802871267229396,0.06800478544538233,0.40802871267229396,18.752166649839136,0.7414995900492072,36.76211877777133,51.94459698065217,0.00321681588551884,0.00025618378870669256,0.000569918163774707,0.00014748784222233966,-0.0004013946297807596,20,3
JP225,BUY,Russian,1,20.010000000002037,0.2527590146215861,0.08425300487386203,0.3370120194954481,10.210290082457599,0.5264021628800875,29.672532199211563,52.371843186230734,0.003629240299639868,1.910019467069895e-05,0.0004607778519936817,0.00047620030626941475,-0.00010112400865905999,21,3
JP225,BUY,Russian,0,-32.51000000000204,0.6694674017293973,0.08368342521617467,0.33473370086469867,9.95303548435958,1.0266710863696602,29.874494184982165,57.016697835367424,0.00347558227637692,0.00043728600564474785,0.0009103141519828991,0.0010072372710279913,0.00042543033451790374,21,3
JP225,BUY,Russian,0,-15.010000000002037,0.0,0.09532172531455799,0.47660862657278996,11.20402520215021,1.3458197884124843,26.226969683459853,57.62198451568897,0.0014651306860844445,0.00018376975081265952,0.00047441358072176107,0.001183467487016561,0.0005898573787811537,22,3
JP225,BUY,Russian,0,-12.510000000002037,0.5727035104197569,0.14317587760493922,0.0,19.63478797215292,0.1880545679252205,17.461041914463923,52.02885335904748,0.002505835906907588,-0.00025502946652546067,0.00012259671397086885,0.001348676897090662,-0.0002814502355185363,2,4
JP225,BUY,Russian,1,45.01000000000204,1.3179814334180744,0.0,0.1647476791772593,12.840069729540048,2.522411709443247,30.349441187698183,61.55255874004917,0.002023017578902314,0.0009404504250515638,0.0012298816243407566,0.00030274657718815464,0.0014053379476729846,10,4
JP225,BUY,Russian,0,-142.51000000000204,1.6667826775842436,0.3571677166251951,0.23811181108346338,25.76887962516441,0.26433795908649993,62.995615092533875,52.13080282238134,0.005331016247507435,-0.00027780400042025214,0.00035937431891639425,0.005258079856666836,-9.732521524384748e-05,3,0
JP225,BUY,Russian,0,-25.010000000002037,0.2785114001966449,0.0,0.2785114001966449,19.324370871281406,0.9751041443519715,44.881466220679975,51.79450234999489,0.0035947606270488918,0.0004883907500172859,0.0008934695302029006,0.001287541042836407,-0.0007540393939279385,5,0
JP225,BUY,Russian,1,77.51000000000204,2.3703172387612295,0.6913425279720253,0.0,22.799862287068603,1.7667327954774408,25.313067389813643,65.54265080985155,0.003421219333317506,0.0008944916344497582,0.0014791213528747614,0.00042488760825280147,0.0009380115939017585,16,1
JP225,BUY,Russian,0,-50.01000000000204,2.026506881665859,0.6755022938886197,0.0,36.871372230202795,1.335573226234133,18.504748411796015,74.05061282954107,0.0029980952110373973,0.00038273764980936486,0.0009901001079934762,0.004217000710382274,0.00019589278646759529,1,2
JP225,BUY,Russian,0,-7.510000000002037,0.17611329920190782,0.35222659840381565,0.0,29.504832298157698,0.0488012499854062,14.19540722551473,58.6566024812015,0.0011551328253902658,-0.00015421843276704732,1.4867141214343687e-05,0.0037901368956204697,-0.000220026030189257,1,2
JP225,BUY,Russian,0,-20.010000000002037,1.0045639965341504,0.3348546655113835,0.0,21.521423666841223,0.17103712177825164,14.93185108340688,57.25617260709081,0.0013233163422856095,0.00016587892180575575,5.394830022106699e-05,0.0037093747359910533,6.948654398786439e-06,2,2
JP225,BUY,Russian,0,-35.01000000000204,1.2444395312566436,0.20740658854277394,0.0,10.615701617214441,1.5647178851699526,24.107238034865215,61.13295106957309,0.0018962672084476945,0.0005503172785498294,0.0007626453524936573,0.0008178981795081833,0.0011021663990106428,18,2
JP225,BUY,Russian,1,17.510000000002037,0.10550968954852455,0.0,0.6330581372911472,11.239195720197072,1.0294622806307203,23.69450626475623,58.500817868364535,0.0017598856653528174,0.0002391439121406975,0.00045696750465389627,0.0006521469413366298,0.0009183981639232745,18,2
JP225,BUY,Russian,0,-20.010000000002037,0.12151841969250216,0.4860736787700086,0.36455525907750647,15.438214022521164,0.6824784164080838,20.573012768979034,57.192017053038,0.0015142226444777506,0.0003238052665386748,0.00024944343004752923,0.0007181027671895027,0.0009454404374941636,19,2
JP225,BUY,Russian,1,107.51000000000204,0.5538432336303023,0.26063210994367164,0.5864222473732612,40.54731381424926,1.033656688216403,76.73651571298119,56.5116481918927,0.008783446605538417,0.0008873697173028059,0.002159087706146864,0.0019550522833603067,0.0014068055145785576,3,3
JP225,BUY,Russian,1,40.01000000000204,0.11125299162198392,0.037084330540661306,0.4450119664879357,31.79167331429659,0.46483829233731105,67.41391751049306,54.51644116622328,0.011291521694205508,-0.0001926624051064154,0.0012735747503342268,0.0026999034948872484,0.0013296816054482424,4,3
JP225,BUY,Russian,1,32.51000000000204,0.154035579076433,0.0,0.34658005292197425,29.919129445230993,0.34501854522709713,64.92006625974356,53.657284177428494,0.011005597594926128,-0.0002950179935845284,0.0009291336655833148,0.002505399978931808,0.0011235920823228429,4,3
JP225,BUY,Russian,0,-12.510000000002037,0.4155569531426356,0.4155569531426356,0.2077784765713178,13.818986634333765,0.6880716883819938,12.0320450955944,52.031158875931325,0.0006257991005760178,8.052466286816404e-05,0.00010544632956088477,0.0004868826486059727,3.58639947158662e-05,2,4
JP225,BUY,Russian,0,-27.510000000002037,0.0,0.2581513112072421,0.21512609267270175,28.266709899174455,0.3643747626730319,58.10545733760811,55.48482208128535,0.006780275341500274,-6.714472104978011e-05,0.0006026266954479757,0.0008965987964004794,-7.259182527669407e-05,3,0
JP225,BUY,Russian,0,-65.01000000000204,0.8252385923415778,0.09708689321665621,0.33980412625829676,17.8505705075004,1.6026469671232373,51.50025749451215,57.51680752776639,0.0038893420537904544,0.0009674147550582809,0.0014992429526299023,0.0025969039519787287,0.0015046846142507812,4,1
JP225,BUY,Russian,0,-50.01000000000204,0.8748395542556202,0.0,0.0,20.52031508497962,0.10531252553333513,57.153337153969666,49.715680377524855,0.0051595324428801385,-0.0006248763137737414,0.00012932036861028877,0.0012978661064213114,0.0002289593802716467,4,1
JP225,BUY,Russian,0,-87.51000000000204,0.8029018841763619,0.34410080750415506,0.8602520187603877,24.409416943493156,1.5142043025002732,43.591876778199286,56.24206060988922,0.003167093321279887,0.0005965965392428603,0.0011598317255029971,0.0024608276455664467,0.0005830793843022233,3,2
JP225,BUY,Russian,0,-85.01000000000204,1.1126048539045739,0.33861886857965295,0.19349649633123026,21.317452296508677,0.4178466743053431,51.68052233298244,50.47440456745086,0.0035654436565267828,-0.0002834711862099281,0.0003564038283473626,0.0018218677793770946,-0.0002864906515400922,3,2
JP225,BUY,Russian,0,-97.51000000000204,1.7231398985716846,0.04534578680451802,0.0,20.990838041937224,2.479388835134159,55.13191359491226,60.88983547145048,0.004276229585915938,0.0016246773383837199,0.0025255699391179363,0.00415793240064458,0.0019275213422052465,3,2
JP225,BUY,Russian,0,-52.51000000000204,0.18590019184208315,0.09295009592104157,0.6971257194078119,18.241876089248155,1.0793169047985147,53.79230597295301,57.513151277784274,0.004998579678999776,0.00037854940440783084,0.0013415632600061618,0.004454648222071976,0.0014561993168018936,4,2
JP225,BUY,Russian,0,-25.010000000002037,0.39826971062734023,0.09956742765683506,0.0,14.410841637817754,0.5474622334728063,50.2172258304472,54.81632363841342,0.00375412934068903,0.0001996588431336626,0.0004908438496063184,0.004769301687026108,0.0014098020830679641,5,2
JP225,BUY,Russian,0,-27.510000000002037,0.258757341293588,0.0,0.6900195767829014,28.649822770113023,0.3964227874586413,28.984684888574595,58.421505373146324,0.00512978693823694,-0.00020811048374691206,0.0005006157913634061,0.0015513095729857375,0.0009902275675478282,12,2
JP225,BUY,Russian,0,-27.510000000002037,0.33734995322462147,0.28112496102051787,0.0,21.110553224476995,0.5865704405014573,44.46421247911774,52.26784755752995,0.0028294893840714376,0.0005151173267786807,0.00039552653164298923,0.0012850206731561992,0.0013289342079304902,17,2
JP225,BUY,Russian,1,42.51000000000204,0.6716670564160214,0.5597225470133512,0.6716670564160214,27.640922483813867,1.4195238877268215,22.3324932445536,61.12131060691796,0.002273636353513592,0.0003108767998889276,0.0007682194246783177,0.005791352162150177,0.0003613998907423441,2,4
JP225,BUY,Russian,0,-42.51000000000204,0.8571405342242294,0.23376560024297166,0.23376560024297166,26.339315627251956,0.35773272053828725,32.08342028170372,56.209878143330286,0.0035859984699944127,-0.00037370934633355885,0.000332232293364377,0.0030355989379457467,0.0008154275025335873,10,4
JP225,BUY,Russian,0,-15.010000000002037,0.24300804317301414,0.24300804317301414,0.0,24.824763108371048,0.019478466301115768,30.863175975867737,53.71531791362043,0.003420059049013813,-0.0004849450502689319,1.6610235054021374e-05,0.002745623064390464,0.0005791295301124988,10,4
JP225,BUY,Russian,0,-27.510000000002037,0.5479013526275702,0.3130864872157544,0.0,20.17251590319005,0.7073747440073301,31.94005620916112,58.90320433185131,0.0028821079734433802,0.0006225030372375393,0.0004926611970277613,0.003152281375917646,0.0012723810548761726,10,4
JP225,BUY,Russian,0,-15.010000000002037,0.08344249836895774,0.25032749510687324,0.1668849967379155,16.650098268540166,0.4614373474377795,29.960752001285346,57.74381983650924,0.0026455037307414916,0.00034468831956288977,0.00029887749582639016,0.002939457204237536,0.0012030112804551631,10,4
JP225,BUY,Russian,0,-12.510000000002037,0.0,0.3601670714318262,0.09004176785795655,9.222999502702987,0.12865705358421076,27.764892443513784,52.5156767862435,0.0025158784647724597,-9.941383826574144e-05,8.299878735466219e-05,0.0025205925995621004,0.0011314151114165199,12,4
JP225,BUY,Russian,1,77.51000000000204,0.6064109409267299,0.07580136761584123,0.10106849015445497,47.76441008480338,0.6686402660094084,98.94280586083548,59.691734160483215,0.01199497411517361,0.0008746898591290675,0.0020410365891867714,0.013525033421726859,0.0017281928465454296,3,0
JP225,BUY,Russian,0,-32.51000000000204,0.7523856212182262,0.07523856212182262,0.15047712424364523,18.599740798328085,0.3155121024656573,33.22764190990415,49.16799191814201,0.004362271855251983,-0.00038523147620016387,0.00032747377950185374,0.009736282260199746,3.8639600357043295e-05,8,0
JP225,BUY,Russian,0,-55.01000000000204,0.37255253830394597,0.7451050766078919,0.24836835886929728,18.23584246260245,0.3696735713736673,40.262777615978266,52.36525784800274,0.0036926985630862034,0.00016517257612477804,0.00033829632964406267,0.009635502237432592,0.00032642247296385275,9,0
JP225,BUY,Russian,0,-20.010000000002037,0.3282789655191936,0.21885264367946242,0.3282789655191936,47.20813884798085,1.093461254878892,22.84642267023805,65.31733317207801,0.0015205470541794983,0.00019231391399514717,0.00046842726286121147,0.0018067214184188476,0.0005128806203978286,22,1
JP225,BUY,Russian,0,-15.010000000002037,0.4487129226829274,0.2243564613414637,0.0,47.50702958593703,0.18922026406698036,22.28596390807819,59.851258157316266,0.0012939736082532426,-0.00012220194019020816,6.847976617392894e-05,0.0014916779692210442,0.00016730085707668965,22,1
JP225,BUY,Russian,0,-12.510000000002037,0.11753903296063603,0.3526170988819081,0.11753903296063603,46.849998994164906,0.7286136544975188,21.26953010441436,62.20911812982949,0.0012276154042320027,8.742363598689639e-05,0.0002163782800687931,0.0017815361421403724,0.00039680943892750857,22,1
JP225,BUY,Russian,0,-10.010000000002037,0.12167714046185467,0.365031421385564,0.0,45.47380019594987,0.23849577331360516,20.54617646758177,60.23380776244421,0.0011497601985465443,-1.7662950965339343e-05,6.847188875652396e-05,0.0017243157324077932,0.00028112330041520675,22,1
JP225,BUY,Russian,0,-27.510000000002037,0.9661129324007255,0.24152823310018137,0.12076411655009069,41.30864748529017,2.1547028962648294,20.70151359044677,65.89445473818218,0.0010699253391962692,0.00048484389663442864,0.0005559430116237541,0.0024196877712568663,0.0008546077238784325,22,1
JP225,BUY,Russian,1,5.010000000002037,0.0,0.261597879068083,0.0,52.611189974144374,0.045237343883690585,19.113304808938107,56.64704905230457,0.0033278518014185207,-0.0004590828019900436,4.0149447715835425e-05,0.004920198700261129,-0.0006183303163304199,2,2
JP225,BUY,Russian,0,-100.01000000000204,3.0693997443107404,0.18602422692792367,0.46506056731980916,17.374643418558335,0.45777150007912765,26.87821948018246,51.23297123287768,0.002854745184155317,-0.0003069233095623565,0.00031187968148362153,0.0008705407296187196,-0.00021630310668183065,2,3
JP225,BUY,Russian,1,122.51000000000204,1.2384707588863764,0.3995066964149601,0.31960535713196814,44.627802697194525,0.3045331956895424,62.57717386051764,53.6891040945845,0.01100158745827021,-0.0011831204115610996,0.0008000909508793646,0.00419756489007801,0.0015667953557369316,4,3
JP225,BUY,Russian,1,50.01000000000204,0.1215976879778012,0.607988439889006,0.08106512531853413,43.13199291128483,0.16828357972857852,61.678804299052096,52.235467249089155,0.010620108571044708,-0.0011734433742621397,0.0004405572817172773,0.003886112172361349,0.0012113354067643546,4,3
JP225,BUY,Russian,1,45.01000000000204,0.6612940806167251,0.08266176007709064,0.0,41.743026681511544,0.42713604906868896,60.487461134834085,56.0775137687886,0.010012722058599778,-0.000258763297783177,0.0010835994547305139,0.00471030034027249,0.001985801244469335,4,3
JP225,BUY,Russian,1,25.010000000002037,1.128670519724016,0.0,0.12540783552489068,14.490762811676877,1.4370661904709765,19.934958525807627,57.83064978361764,0.0016528009833941502,0.00048159005409975744,0.0005864958492850895,0.003869338460022749,0.0007022803681993986,1,4
JP225,BUY,Russian,0,-17.510000000002037,0.34771588597920894,0.0,0.2607869144844067,17.002101956176986,0.47132818663173487,28.759111686366644,55.30696658320761,0.003292597518264821,-0.00011376407299667694,0.0003911392433355461,0.0005202543929139288,0.0008944037502083588,13,4
JP225,BUY,Russian,1,17.510000000002037,1.1409566157613362,0.0,0.0,11.666251774244179,2.038383220387779,15.33800650984667,63.86337066650953,0.0009055090606771819,0.0003349613556131441,0.00044216172976217235,0.0002376799306981247,0.0003167759745924896,21,4
JP225,BUY,Russian,0,-5.010000000002037,0.14698220189889494,0.0,0.14698220189889494,13.048498221070178,0.21164973094814912,17.00886207787037,53.62596193443497,0.0019242053010709661,-0.00014953653246847702,0.00010918506758159801,0.000515598855403106,0.0007063614578771082,5,0
JP225,BUY,Russian,1,35.01000000000204,1.151973999857747,0.3839913332859156,0.2559942221906104,28.8971156647993,0.21732310433621652,19.531690821822753,49.74266151613692,0.0034604946391211303,-0.0004732002110988589,0.00018387730529385355,0.0001393990205503207,5.124486200279891e-05,9,0
JP225,BUY,Russian,1,20.010000000002037,1.1098835789209829,0.15855479698871186,0.0,15.898876996113376,1.4540690260462208,15.767419513507276,56.29452533360756,0.0013089831511802757,0.0002210329424630672,0.00045559030404071065,0.00023386260746346543,2.513570710595631e-05,14,0
JP225,BUY,Russian,0,-100.01000000000204,0.3173336387724751,1.0048898561128379,0.7933340969311878,19.405160651024822,1.2354983105494595,47.26886206588026,57.635103730545794,0.0029538991814993644,0.0006256811093553462,0.0008717272946200446,0.0038407089928376506,0.0008021922473112999,3,1
JP225,BUY,Russian,1,37.51000000000204,0.9698668258415185,0.0,0.24246670646037963,18.875934003354224,1.8722068991573975,30.932081808211226,55.69900271725052,0.002307651425661421,0.0005517404389469204,0.001038138698771132,0.00013951423159368578,0.0001749029769760722,11,1
JP225,BUY,Russian,1,22.510000000002037,0.1566563811741004,0.1566563811741004,0.39164095293525103,12.802382133944295,0.6655735914417702,31.916989033745384,51.041531216507515,0.0027748236211188404,5.919479172993044e-05,0.0004834345211368559,0.0011446271084081423,0.00014948662747809284,10,2
JP225,BUY,Russian,1,15.010000000002037,0.1689954950986751,0.08449774754933755,0.25349324264801265,11.668497704918758,0.8164965828318355,29.586587483178416,52.835368468514574,0.0017673796435825847,0.00015384858299983178,0.00044615599799854416,0.0013105154737920962,0.000315341839124002,10,2
JP225,BUY,Russian,0,-20.010000000002037,0.7106940016139955,0.10152771451628508,0.0,10.251286209766633,0.3224325152208462,24.623818352564207,51.39578861482854,0.00150582520069064,-0.0001641570618301566,0.00012476344452733314,0.0013520608274161633,0.0004135759715916408,10,2
JP225,BUY,Russian,1,22.510000000002037,0.7150995547383219,0.10215707924833169,0.10215707924833169,9.652050030712626,1.3626736147126954,24.472117041666763,56.81522238630788,0.001574079803136683,0.0002253289516430326,0.0005122965669005721,0.0017853475143104892,0.0008578925987120258,10,2
JP225,BUY,Russian,0,-35.01000000000204,1.1500380368706986,0.0,0.19167300614511643,10.670318739456421,0.4657869907875829,26.086093710110017,52.382983423524315,0.0016907847816371347,-0.00014317197123442707,0.00020966813865010711,0.0015796440207305345,0.0006602371014428344,11,2
JP225,BUY,Russian,0,-37.51000000000204,0.6286045413365645,0.26940194628709907,0.4490032438118318,28.07694277128714,0.7084216918590581,27.83944252580611,56.647751000486615,0.0026157267962465067,-8.324611922651589e-05,0.0004595687022641296,0.00039376603492088,0.000354783143821797,17,2
JP225,BUY,Russian,0,-32.51000000000204,0.3549580965461274,0.5324371448191911,0.26621857240959557,27.620641000286398,0.46719344730666595,28.17233948824853,55.155812922448355,0.0024966413875214762,-0.00015581181052538658,0.000292195013246869,0.0002726325378329593,0.00023906843368198157,17,2
JP225,BUY,Russian,0,-75.01000000000204,0.0,0.35715378906195433,0.6169019992888303,12.257078773182457,0.6548997495769386,76.99764315038433,53.86218427739353,0.008159837441449238,-4.6197741306248996e-05,0.0013557090615179913,0.0009385569926177778,0.0010550205005653446,22,2
JP225,BUY,Russian,1,42.51000000000204,0.26643826033983825,0.19982869525487867,0.09991434762743934,12.181361493838423,0.5523612746096008,75.06429434905588,53.935908032022134,0.007850659737138289,8.639001865060556e-05,0.0010389902812902078,0.0010206098459109218,0.001101321137731754,23,2
JP225,BUY,Russian,0,-20.010000000002037,0.3679552831725931,0.05256504045322758,0.0,9.281464244960555,0.4440068440834744,47.560127005409655,55.52626432278525,0.0028440755193428874,-3.0556772290953434e-05,0.00030248603079706664,0.0018256919813477693,0.0018059381713323782,23,2
JP225,BUY,Russian,0,-7.510000000002037,0.0,0.05593005154455493,0.11186010308910986,8.909423332217985,0.47591662885987157,44.698689362166114,55.880364669546914,0.002416838880885463,2.011652822446767e-05,0.00032370195489553165,0.0018781432950508564,0.0018602361358194298,23,2
JP225,BUY,Russian,0,-30.010000000002037,0.058254838390852604,0.582548383908526,0.058254838390852604,8.451914679855113,0.3648117841178743,42.91489031737765,55.515219318475374,0.0021905577940190264,6.920387259289609e-05,0.00019971455674925616,0.0018752672744495136,-0.00018563539915588819,1,3
JP225,BUY,Russian,0,-70.01000000000204,0.1440808950394446,1.1046201953024084,0.09605393002629639,27.122832800381946,0.32499235388755954,52.05409084907994,54.78844322821557,0.003569146829057958,0.0003986970931966016,0.000283227441386851,0.0037917610228432857,0.0007188204392067985,3,3
JP225,BUY,Russian,0,-60.01000000000204,0.7947700276752345,0.0,0.1589540055350469,29.8136680560325,0.1851732161723763,62.91128031872814,58.589444522332236,0.0042158761795751355,-0.0004242475831617452,0.00027923506003186356,0.0075058985870544125,0.0021271504768708136,4,0
JP225,BUY,Russian,0,-30.010000000002037,0.12808776559936932,0.3415673749316515,0.04269592186645644,25.65559002391609,0.3700136403582422,58.553601625453986,60.29393975932562,0.003771685797551783,0.00012628300482260083,0.0003443483914171169,0.0077881909437739275,0.0024383547517301757,4,0
JP225,BUY,Russian,0,-20.010000000002037,0.31676738518336406,0.31676738518336406,0.21117825678890936,10.7683206788464,0.7040692778556353,23.676679957624263,54.61451409147886,0.0014849183219695443,7.902197637654117e-05,0.0002800946638292118,1.8190620324036497e-06,-0.0007246561969258791,16,0
JP225,BUY,Russian,1,32.51000000000204,0.1755366123100871,0.789914755395392,0.1755366123100871,13.441136038737552,0.6701776868587472,28.48408622109815,54.6347267750744,0.0013291352914476919,2.708529230644045e-05,0.00023292654692238157,6.0167723637477314e-05,-0.0005398431572422024,16,0
JP225,BUY,Russian,1,62.51000000000204,1.6982709857200193,0.2426101408171456,0.08087004693904853,15.3025127968295,3.0798731442528204,30.913794348162565,65.74529959054355,0.0017496566569305471,0.0009885242724117984,0.0013424655744722423,0.0012358222552363777,0.0006650171574358816,16,0
JP225,BUY,Russian,0,-40.01000000000204,0.5934743042485444,0.5192900162174764,0.07418428803106805,18.82749384631046,0.22370269112802815,33.699858370993745,52.47401550877571,0.0034121337664895736,-0.0002854755287122505,0.00018307081222959364,0.0004605665832905064,6.461760126788284e-05,17,0
JP225,BUY,Russian,1,17.510000000002037,0.0768187721899848,0.4609126331399088,0.0,15.297564998123129,0.08367055455523441,32.54412858639696,52.06182016345719,0.003195355058865894,-0.0001637499713957796,6.537473909203889e-05,0.00037600843181732554,6.239355318954136e-05,17,0
JP225,BUY,Russian,1,20.010000000002037,0.15798727047707734,0.31597454095415467,0.15798727047707734,14.550178991725096,0.3055624021083056,31.64811940165432,54.04551697216649,0.0031775595728781854,4.468656150059133e-05,0.00023272189986097322,0.0005671550278856257,0.00028091814889757034,17,0
JP225,BUY,Russian,0,-30.010000000002037,0.7135971137482632,0.15857713638850293,0.07928856819425147,14.417390209499692,0.8066826073978108,31.53039658725044,57.806123223235076,0.003151769832715342,0.0003870819377338162,0.0006196877075168721,0.0009747065704782653,0.0007175263855196929,17,0
JP225,BUY,Russian,0,-37.51000000000204,0.8160373337962102,0.3264149335184841,0.08160373337962103,15.130816047351152,0.37167102118358236,30.635853244238056,55.05563095808268,0.0027016470591457323,2.0755872910103274e-05,0.00025617720084405673,0.0007656276466057393,0.0005940169866734177,18,0
JP225,BUY,Russian,0,-12.510000000002037,0.08520664355392013,0.3408265742156805,0.0,15.013638280050818,0.2963613382871588,29.34043515536391,55.05563095808268,0.0024690032548943105,1.6604629399239326e-05,0.000190813404188859,0.0007351229324906526,0.0005917342844878741,18,0
JP225,BUY,Russian,0,-12.510000000002037,0.31499237916737,0.10499745972245667,0.10499745972245667,12.103712939337939,0.25354627686893116,23.810099850113847,52.68218424199437,0.0024460682582759696,-0.0001222911179012869,0.00016376861721640516,0.0014826282235527086,0.0008874416707425152,12,1
JP225,BUY,Russian,0,-50.01000000000204,1.002876938636317,0.6017261631817902,0.4011507754545268,22.187368876702973,2.115906362367666,24.928282859903305,61.7347765090823,0.0016893921878887491,0.0006970596914733244,0.0008587128787010349,0.0005933022176998175,0.000533929098657475,16,1
JP225,BUY,Russian,0,-57.51000000000204,1.112830946015379,0.0,0.0,19.33281267708446,0.8088699405743195,51.67002248264704,57.15977039630336,0.00717736075678568,0.0003611574244986359,0.0014050480566579074,0.0012345796100024656,0.0019286091044948492,5,3
JP225,BUY,Russian,0,-27.510000000002037,0.5066047928058959,0.05066047928058958,0.0,17.666880966483546,0.027993790531165217,49.348131630445664,50.26796399400539,0.006506046363533238,-0.0005739145332838104,4.4303279486146926e-05,0.00013893582557484202,0.0008053400117181997,5,3
JP225,BUY,Russian,0,-20.010000000002037,0.0,0.27590605097489,0.165543630584934,16.239378813292934,0.20797870464799753,45.30527676298631,53.11231910620109,0.005446865902959337,-4.3519970722033295e-05,0.0002996275978091507,0.0006313641668383837,0.0012863309898166677,5,3
JP225,BUY,Russian,0,-30.010000000002037,0.06478539711085167,0.2591415884434067,0.45349777977596173,10.270691808151085,1.2597916195513523,38.5889430564476,55.67851404768188,0.0013773759201224495,0.00034063636486003965,0.0004402156283466102,0.00104337863106321,0.0014451254498948813,6,3
JP225,BUY,Russian,0,-25.010000000002037,0.42839856492157236,0.061199794988796054,0.12239958997759211,10.119596388422968,0.33058322432134196,40.84981004360683,51.724860160302995,0.002048034621977161,-0.00018384872357992478,0.0001614718851977362,0.000913580601314482,0.0012274120118101377,7,3
JP225,BUY,Russian,0,-35.01000000000204,0.7559781738361403,0.12599636230602337,0.0,11.338904447669748,0.3690764608303137,39.68368537383535,51.89941423191387,0.00228360465265512,-0.00016933555810804473,0.00020051259769606448,0.0010558879590520619,0.0013315932698757206,7,3
JP225,BUY,Russian,0,-27.510000000002037,0.2576428320536358,0.3864642480804537,0.06441070801340895,11.669138124443297,0.8111222595888876,38.813422132847116,54.04002236039411,0.0023216879230441054,8.318995426114823e-05,0.00044788660694366865,0.0013245323546055383,0.001583758601397061,7,3
JP225,BUY,Russian,0,-25.010000000002037,0.5784414108824,0.06427126787582221,0.0,14.275687243539977,0.8268020632866242,38.89763003944813,57.139232358517376,0.0034414744361280732,0.0009639770219075852,0.0006771560359091548,0.001411673765304691,0.0016149409832096641,8,3
JP225,BUY,Russian,1,20.010000000002037,0.2645173368899644,0.0,0.44086222814994075,15.099613126471517,1.1432204903794199,28.353529066111445,57.77789863243397,0.0019413325254227926,0.00018655631262079594,0.0005329490916681243,0.00019716415964704233,0.0007138473723555558,23,3
JP225,BUY,Russian,0,-5.010000000002037,0.0,0.23883195895049592,0.0,24.647958384029806,0.3104301205058519,20.93522165949482,54.22795230256589,0.001322721002113118,-0.00010258733327815788,0.00011354424330532108,0.0008220314522201769,-0.0003625881770123769,1,4
JP225,BUY,Russian,0,-12.510000000002037,0.5015285797294523,0.0,0.12538214493236308,23.92253035846539,1.0085523889099046,19.939043165584824,57.60161903401623,0.0013591479680342736,0.00015355182852677047,0.00032599545832206643,0.0011029974014724934,-4.731127518408904e-05,1,4
JP225,BUY,Russian,0,-22.510000000002037,0.6413336661481588,0.3848001996888953,0.12826673322963175,18.429540472126423,0.2827183935277649,19.490634376135013,54.12971762177478,0.0012887431450758298,9.318099770012174e-05,8.664722609137824e-05,0.001034337429785641,-1.12661175159982e-05,2,4
JP225,BUY,Russian,0,-20.010000000002037,0.2157849924344712,0.4315699848689424,0.2157849924344712,8.673294614876905,0.7188933521504869,23.171212898498407,54.362071495794275,0.001487634890623988,7.50867389122138e-05,0.00025460782950257086,0.00013117246357107807,-0.0005010751695906298,22,4
JP225,BUY,Russian,0,-20.010000000002037,1.018810900511616,0.0,0.339603633503872,11.02504429228024,0.6497355488225265,14.723046241915407,52.22263751918996,0.0012146437108616587,-5.2491431108968615e-05,0.00020311714248788328,0.00017616842304616715,7.001720985197754e-05,2,1
JP225,BUY,Russian,0,-12.510000000002037,0.0,0.34169252945368467,0.22779501963578977,31.373646754226712,0.6186888975513463,21.94955801928529,58.0049801448639,0.0015664235285140196,8.933704768837856e-05,0.0002499473169553547,0.0006672786599814554,-0.0003526124261476466,23,1
JP225,BUY,Russian,1,37.51000000000204,1.1090083237542183,0.4436033295016873,0.11090083237542182,27.669326683883128,1.9833018653267367,22.54266218252531,62.99014796994114,0.0013404477631166578,0.0005985889063014515,0.0006513562465324043,0.0013979221803204656,0.00020870739041908118,23,1
JP225,BUY,Russian,0,-35.01000000000204,0.7062961164986942,0.0,0.9417281553315923,41.67021195752713,0.5622973060835392,21.237551289902544,58.93322566527152,0.004008568054489476,-0.00020005073265919933,0.0005622963283804263,0.0027033425381456284,-9.883679765278437e-05,1,2
JP225,BUY,Russian,0,-35.01000000000204,1.1250829745002628,0.4500331898001051,0.0,40.04502115575631,0.04855862767942103,22.22058334062379,52.230979312695176,0.003914435960879145,-0.0005167545117635196,4.629002596207454e-05,0.0022844416960115196,-0.0005148521420180546,2,2
JP225,BUY,Russian,0,-20.010000000002037,0.16357262863993083,0.08178631431996541,0.4089315715998271,12.572619790214766,0.5939329802819096,30.567461326346965,49.71665248841466,0.0028768989340437453,-1.4125240510797543e-05,0.00046843125833209866,0.0010418241659943467,0.0011208306839455297,19,3
JP225,BUY,Russian,0,-20.010000000002037,0.08490875221109406,0.4245437610554703,0.16981750442218813,12.331996415697324,0.3889697743866279,29.44337226608488,49.093728726470715,0.001982985143399527,-4.459313401477392e-05,0.0001931523849334004,0.000996791859460856,0.0010554245918523724,19,3
JP225,BUY,Russian,1,30.010000000002037,0.26773646709945437,0.06693411677486359,0.06693411677486359,18.83366669189824,0.4889701428763082,74.70032086652853,55.64768573971958,0.005529378378985869,-0.00012145647515253907,0.000761695088796195,0.027689704155837293,0.0028746152920151196,6,0
JP225,BUY,Russian,0,-20.010000000002037,0.3115993691120384,0.20773291274135894,0.3115993691120384,18.06816220078635,0.32246481624335377,24.069368373153882,48.00280803179893,0.0032726712682954783,-0.00028601037797551564,0.00025902733353285867,0.0037834888295582574,-0.00044462665895689626,1,1
JP225,BUY,Russian,0,-62.51000000000204,0.5213995457699269,0.4812918884030094,0.0,19.952257039672055,0.20450305465785748,62.33223688756525,52.25699420559191,0.007228718204303619,-0.0005690225018034059,0.0003618866529361613,0.0010845094339821332,0.0005733777279023018,4,2
JP225,BUY,Russian,0,-27.510000000002037,0.2902614488853002,0.0,0.34831373866236026,9.90364272106984,0.6312295768246184,43.064623455867554,51.267627557608286,0.0023072413978709023,0.00015788851586826094,0.0003522618335417259,0.00024521125086017715,-9.722033989236025e-05,6,2
JP225,BUY,Russian,0,-22.510000000002037,0.07514071776755998,0.15028143553511997,0.45084430660535985,12.49324358587203,0.3452019519757276,33.27090922572088,55.30947530536257,0.003866177448343858,-0.0001730769691111602,0.0003302376737919717,0.0006307000060711589,0.00032676103490310933,12,2
JP225,BUY,Russian,1,27.510000000002037,0.5248486285286952,0.22493512651229794,0.07497837550409932,16.132969078791167,0.787277604863896,33.342946992274015,58.65435610604956,0.002832471106273992,0.0003027781622187214,0.0006204101437158486,0.001453116899238422,0.001156347831732406,18,2
JP225,BUY,Russian,1,17.510000000002037,0.23283748732903536,0.0,0.31044998310538047,15.146774743152692,0.5951601058385985,32.2113079213973,57.3266734546032,0.0022770602647363383,0.00015885956584371243,0.0004044622458563008,0.0013412282291642077,0.001047017413682822,18,2
JP225,BUY,Russian,0,-12.510000000002037,0.6316466745028316,0.0,0.0,34.90949992014514,1.1433368238894577,19.78954454219004,63.18616279575596,0.0012319605262972827,0.000265781507718058,0.0003826661758336781,0.0038823637816352507,0.00039027153828801294,1,3
JP225,BUY,Russian,0,-130.01000000000204,1.1365027256132385,0.06887895306746901,0.5854711010734865,35.18604002366547,0.5050860894622692,72.59111495353812,54.81641666490173,0.010323633853181524,-0.0006792843768171959,0.0012954882187264998,0.0058132225022101925,0.0012735147486995556,4,3
JP225,BUY,Russian,1,70.01000000000204,0.27622006802702265,0.06905501700675566,0.6214951530608009,33.51897879946288,0.6132271239199168,72.4060353139997,56.636280900395214,0.010073843762484568,-0.0001710700459756548,0.0015196720160962653,0.006239458497504859,0.0016754157327809487,4,3
JP225,BUY,Russian,1,60.01000000000204,0.5216264678586043,0.0,0.3129758807151626,30.655144735931703,0.3947141481057807,71.89052379559277,56.49094998186614,0.006393766884951828,-0.0001823281647558883,0.0007686894572052705,0.006576114408991825,0.0018655297820144522,4,3
JP225,BUY,Russian,0,-70.01000000000204,0.7707236120344725,0.0,0.2101973487366743,29.602380804688906,0.4760625110094839,71.36150903021769,56.39822851681269,0.004070530298358865,-0.00010653204094436337,0.00047755653639210317,0.006980092896344179,0.0022434947088031737,5,3
JP225,BUY,Russian,1,42.51000000000204,0.4762228619103955,0.3703955592636409,0.052913651323377275,16.458522109369788,0.5785870323548888,47.24678674547449,53.43276496023183,0.003666187416613698,9.451993569813417e-06,0.0005833691286583322,3.737662491650325e-05,0.0015670065591352302,9,0
JP225,BUY,Russian,1,65.01000000000204,0.2671960074648902,0.35626134328652026,0.5343920149297804,14.14968186588206,1.013446810213812,56.13856338018454,57.14934635499531,0.003638552199448816,0.0005511491083038581,0.0010261066023681147,0.0034008565080296356,0.002308221165190063,16,0
JP225,BUY,Russian,0,-27.510000000002037,0.46889739890303533,0.3907478324191961,0.0,13.621149241581348,0.1011611681214327,31.989940731366467,52.07134414816041,0.002448729986335306,0.00011540729203337215,5.894604472034703e-05,0.004234496120053363,0.0005241477167835742,1,1
JP225,BUY,Russian,0,-35.01000000000204,0.6175981557107526,0.46319861678306445,0.0,13.72867581557897,0.8707807634488931,32.38351639341172,56.11067923731557,0.0024962680353291787,0.0004755314697535277,0.0005169380236445671,0.004661766085512725,0.0009121572390909545,1,1
JP225,BUY,Russian,0,-30.010000000002037,0.46564667991323316,0.23282333995661658,0.23282333995661658,13.828521920005336,1.0526088797713045,32.213265222453735,57.399500673876965,0.002545911392009028,0.000508099497024333,0.0006428761401770394,0.004767518584897218,0.0009887039989843686,1,1
JP225,BUY,Russian,0,-67.51000000000204,0.06063591822128257,1.1520824462043688,0.424451427548978,24.743916868046092,0.5547360061516537,41.22968816727717,53.79109941325106,0.0036001705015699533,-3.784856310787854e-05,0.000489727785895509,0.004484655220676978,0.00017398312212021753,2,1
JP225,BUY,Russian,0,-172.51000000000204,1.228797910309806,0.16948936693928357,0.06355851260223135,42.67296803853886,0.11455948351971172,118.00150275600846,52.35917683658962,0.025125369777707372,-0.002725797813834757,0.0007109274809152816,0.011738881416451432,-0.0012213190866271846,4,1
JP225,BUY,Russian,1,90.01000000000204,0.12397243031212982,0.0826482868747532,0.5372138646858958,36.916133359770896,0.36968271795034513,120.9946434238158,58.140211450636855,0.020994157605346602,0.00014878604711113076,0.0020090921124940324,0.014392880757991229,0.0014807695272524048,4,1
JP225,BUY,Russian,1,155.01000000000204,0.6886851602597581,0.20255445889992887,0.36459802601987196,35.98990953908487,0.6464657126994238,123.42359746497182,61.92833404890634,0.01895490362341099,0.0016325233139188363,0.0032611130561371222,0.016224398434041234,0.003282963016682215,4,1
JP225,BUY,Russian,1,25.010000000002037,0.314212071132881,0.0,0.314212071132881,22.343401231383766,0.7002502674564988,39.782048967538614,50.917372515164644,0.003877631884831955,0.00013444214640327803,0.0007365155115190285,0.002397457834295229,5.612212224138854e-05,2,2
JP225,BUY,Russian,0,-77.51000000000204,1.2107665234967508,0.19117366160475016,0.5735209848142504,23.53654196607903,2.007021961740386,39.23134566259542,61.063994742729484,0.0026898162095366765,0.00092565791576379,0.001526860375869236,0.0038714776339778432,0.0014112522318505101,2,2
JP225,BUY,Russian,0,-47.51000000000204,0.8669719484628408,0.12385313549469153,0.1857797032420373,24.002606968856295,0.586168177208926,40.37039498458483,52.88174138347234,0.002700017385313006,-0.0001222587604831182,0.00038757340564316944,0.00290313582856689,0.0002818915674703602,2,2
JP225,BUY,Russian,0,-65.01000000000204,1.0166832402379722,0.3388944134126574,0.1129648044708858,22.106917221657152,0.19559047147882172,44.26157353539828,50.896294499780716,0.00256539713667182,-0.0003160797571586032,0.0001241053247141874,0.00272056433360386,-0.00012147219591553291,2,2
JP225,BUY,Russian,0,-90.01000000000204,1.0895288690894893,0.09904807900813539,0.0,15.672485265524893,0.11906188401692376,75.72080221145916,51.879047295827796,0.006486772960509512,-0.0009806657464420689,0.00019451914372526318,0.004689506111138515,0.0003581969253648569,4,2
JP225,BUY,Russian,0,-32.51000000000204,0.8711575787272314,0.0,0.07259646489393595,14.708948348418616,0.2971529704808947,34.43693854311668,52.79372003862386,0.0027497757372945547,-0.00031954389776145544,0.00019834463402255043,0.0006761131816502296,-0.0005053132527504388,1,3
JP225,BUY,Russian,0,-55.01000000000204,0.3748655530632889,1.2745428804151822,0.0,13.228515171714754,0.07531758979526114,33.34528845836527,53.691795730634674,0.0015487783593124086,4.9109152316255597e-05,2.8781708749989532e-05,0.000703932120729711,-6.282119184541035e-05,2,3
JP225,BUY,Russian,0,-72.51000000000204,0.6274472409693994,0.07843090512117493,0.4313699781664621,17.27035935231218,1.0056675122487728,63.75037993345929,55.12630819465347,0.003796582146093855,0.0003469712613735349,0.0009193629210456169,0.0017036408110533776,0.000619895835881684,3,3
JP225,BUY,Russian,0,-55.01000000000204,0.4420055802921396,0.2210027901460698,0.14733519343071322,13.634305361452817,0.44273510668331206,67.87244627131578,53.165036573108225,0.0042055666538226176,0.00041485748085899946,0.00044602666954028945,0.0010898882876846966,0.00038201213956301765,4,3
JP225,BUY,Russian,0,-75.01000000000204,1.0222427000744054,0.25556067501860136,0.0,8.874410085400749,0.10938646423615263,58.69447636616315,50.15400337742911,0.0026930011131832635,-0.0002702467012860971,7.187035959126738e-05,0.000270183021512415,-3.1688395542839576e-05,5,3
JP225,BUY,Russian,1,32.51000000000204,0.05054385779379461,0.4043508623503569,0.20217543117517844,10.605430492184746,0.5725054534342864,49.46199417937843,53.279526134492464,0.003893030710867075,-0.00012533934395558737,0.000532523155741505,0.001259921913698795,0.0009134260810791191,6,3
JP225,BUY,Russian,0,-65.01000000000204,0.8255606190031437,0.20639015475078593,0.3095852321261789,10.942403451218754,1.4894752005828213,48.45192355262731,59.7552221061216,0.0037210332432386036,0.0007346925308477082,0.0013793400203208287,0.0022971454104387646,0.0019057504382779496,6,3
JP225,BUY,Russian,1,15.010000000002037,0.42998834042931505,0.0,0.21499417021465753,21.48644135912303,0.3064068574295554,23.25644455850979,51.94600033326329,0.0020324268366686076,0.0002706041331529263,0.0001489561798550898,0.0037093798290395367,0.00031098147791940966,2,1
JP225,BUY,Russian,0,-22.510000000002037,0.6464844896303364,0.10774741493838941,0.21549482987677882,21.05870615453252,1.0779829109674797,23.20241280433052,56.68377012976381,0.002064960384097125,0.0005388285157065021,0.0005368098115362514,0.004047729211401979,0.0006591615199061427,2,1
JP225,BUY,Russian,1,82.51000000000204,0.5131423158133549,0.0,0.5452137105516895,21.944188731874764,1.221659425866061,77.95108446006466,57.986517496315436,0.006780596056473939,0.001644259303398858,0.0019744271808156554,0.005442801304818046,0.0024558154555178345,3,1
JP225,BUY,Russian,1,70.01000000000204,0.9024147221759881,0.0,0.0,24.08591210898909,0.16397701508201307,77.56965647813165,51.41063171799949,0.007837448929049765,-0.0005640852741954441,0.0003065506775976321,0.0040631472546525165,0.0008877183946682026,4,1
JP225,BUY,Russian,1,55.01000000000204,0.5241455440523166,0.19655457901961873,0.0,23.737783480946103,0.6297679343828885,76.31468101540796,54.410313882090016,0.007907913018768076,0.00027230887323599965,0.0011854577185885094,0.004921276238519326,0.0017443134178323,4,1
JP225,BUY,Russian,0,-10.010000000002037,0.5945840150629486,0.0,0.0,20.145097285994922,0.7189901193247767,16.818481066870426,54.71228329407777,0.0015199502604766196,3.34653868386812e-06,0.0002721760676353672,0.00018444809747441697,9.819031058323854e-05,2,2
JP225,BUY,Russian,1,55.01000000000204,0.4553340044048956,0.06071120058731941,0.1517780014682985,25.48586828009349,0.5610029317373545,82.35712605960781,58.34633044335817,0.009212938120332343,0.0014540095154992017,0.001261878426913034,0.013171109912212268,0.0016643934035678928,4,0
JP225,BUY,Russian,0,-25.010000000002037,0.06756015588206733,0.20268046764620198,0.40536093529240397,19.21816424791649,0.7546607984184212,37.004059084232836,52.603315801942,0.0020001427177242983,0.00025412792408695744,0.0003589437291094475,0.0007319867390098304,0.0011584314266232358,17,0
JP225,BUY,Russian,0,-52.51000000000204,1.6586190918431127,0.0,0.6634476367372452,41.960727437982385,0.7167841167378602,22.609169389415836,57.52609582495819,0.002255625840518854,-0.0001095849000751469,0.00039664798328591837,0.0014644592158369516,0.00010726062962379001,2,1
JP225,BUY,Russian,0,-20.010000000002037,0.1114936575082213,0.0,0.7804556025575491,40.50657987304233,0.7282765568424748,22.422800147314707,58.131628604362895,0.002176841268956327,-4.809538017951786e-05,0.0003959116578563126,0.0015057409502423809,0.00014858526589495212,2,1
JP225,BUY,Russian,1,110.01000000000204,1.329645782621248,0.083102861413828,0.41551430706914,30.28047447552501,1.2572295438873675,60.16639998834046,62.49868054116611,0.006908290485971417,0.0007997819811164834,0.002158314873328631,0.006014737910234951,0.0018166835116858444,3,2
JP225,BUY,Russian,0,-35.01000000000204,0.0,0.24371167976595506,0.6092791994148876,19.650440886463343,0.9382100796523744,41.03209173070143,52.10795118471965,0.002582665771525114,0.00011696917368295906,0.0005769179698389145,0.0001389228871526294,0.00044342105705780466,18,2
JP225,BUY,Russian,0,-150.01000000000204,0.49227275668281645,0.6563636755770885,0.25785715826242767,24.45219094038182,0.19981254696904777,106.64819307444847,52.47616113901608,0.013070169551361222,-0.0015535103681692474,0.0006559575685333099,0.0007279995056704991,-0.0010572428636653312,3,3
JP225,BUY,Russian,0,-25.010000000002037,0.16170597000544976,0.0,0.16170597000544976,8.823007744241382,0.37298656893148247,77.30079476706227,53.92353236158147,0.006684115198777321,-0.00033789578492512257,0.0006057780699871495,0.0030326436597116696,0.0013606810457277587,5,3
JP225,BUY,Russian,0,-27.510000000002037,0.23730874480118028,0.13560499702924586,0.0,8.961616582393091,0.08467198400208516,73.74359514084355,51.48719090445005,0.006398236725829292,-0.0005820480095529073,0.00013460641418689697,0.0026328795875939833,0.0009633263728658361,5,3
JP225,BUY,Russian,0,-125.01000000000204,0.5024940545214259,0.43397213799577694,0.20556574957694698,20.15401925790178,0.32195361195074024,109.45403135641448,49.41709313099087,0.012626223166483555,-0.0012090089083474536,0.0009818602912802466,0.003070421454643024,0.0010417844587688524,9,3
JP225,BUY,Russian,0,-30.010000000002037,0.3068032744039902,0.0,0.0,15.774742559260286,0.24514992091466767,97.78252874999248,53.79516644147611,0.006401640605459067,0.0003181430757721407,0.00042634155367428763,0.004194037497068436,0.0021942814534156863,9,3
JP225,BUY,Russian,0,-60.01000000000204,0.40264922160950606,0.2876065868639329,0.0,17.225363965176953,0.5299884093733613,86.92429569364326,51.85242124459609,0.005898988205260062,0.0006928396414939726,0.0007459690143963748,0.002840000445185489,0.0028687046040034004,18,3
JP225,BUY,Russian,0,-77.51000000000204,0.8295888713807328,0.0,0.24196342081938038,15.004497217619779,0.2635068004876245,72.32498177095665,50.3393827229125,0.005149155213182563,-0.0005576692458689854,0.0003849033219079797,0.0063829426386251475,1.1892438323807537e-05,6,4
JP225,BUY,Russian,0,-42.51000000000204,0.14246104837067555,0.35615262092668887,0.10684578627800666,14.029450833500672,0.3839570046427386,70.19462593017404,51.71524430971075,0.004524591016458818,-0.0002154226004839982,0.0004718696510942159,0.006637222152176049,0.0002979019168758658,6,4
JP225,BUY,Russian,0,-35.01000000000204,0.0,0.32547191707131234,0.24410393780348427,17.188431535892622,0.18582762707169737,61.449234022909295,52.62428274039849,0.007945244913572602,-0.0004600741582051702,0.00036901101474495486,0.00022010959998069684,-0.0008882481370404944,2,0
JP225,BUY,Russian,0,-35.01000000000204,0.3357958190978709,0.25184686432340314,0.0,16.34223797380998,0.2611044091315006,59.56000302127291,54.25688607979803,0.007511010897274673,-0.00013911116333588445,0.0004941506789637608,0.0004991136628604859,-0.0005445357707863102,2,0
JP225,BUY,Russian,1,80.01000000000204,1.0880974688837015,0.09067478907364179,0.2720243672209254,18.136719801569654,1.7902013205641987,55.14211889634765,56.66579936145855,0.0037326362377131475,0.0008623338119151332,0.0015994449457354012,0.0015591913914480338,0.0012676840265764592,18,0
JP225,BUY,Russian,0,-52.51000000000204,0.4713403859934202,0.0,0.290055622149797,11.735104816692642,1.492576044610141,68.95229215612704,57.87695397231366,0.003631442493069716,0.0005921136593420267,0.0013159690000526536,0.0007412187124789291,0.0019763075922647998,6,3
JP225,BUY,Russian,0,-40.01000000000204,0.19751160044517418,0.07900464017806967,0.35552088080131355,11.875999485916264,0.8004970178552169,63.28742196319646,54.91284977845126,0.0035300875123928503,0.0001713182755346525,0.0006964282587704928,0.00011475221756266335,0.001505590738042314,6,3
JP225,BUY,Russian,0,-55.01000000000204,0.0,0.3588776417478259,0.5183788158579707,12.50076138267399,0.775881359153158,62.69546325153957,55.17539123535984,0.0034567707493159,0.00017628797568583935,0.0006613175069288472,0.00010461650306314461,0.0015348698402048377,7,3
JP225,BUY,Russian,0,-55.01000000000204,0.45126584711643597,0.0,0.2578661983522491,20.54090117766076,0.28363258107682926,77.55960311122165,52.129330663902984,0.00686055815821754,-0.0006477016969095077,0.000492574634416032,0.010968616871845669,0.0012989347023252404,4,0
JP225,BUY,Russian,0,-70.01000000000204,0.06491851369828312,0.7141036506811144,0.12983702739656625,20.210232171949773,0.32403640059879546,77.0196314604201,53.02514621273342,0.006658157337304028,-0.0003607496529523277,0.0005300195920569867,0.011127971518168047,0.0014783048992650198,4,0
JP225,BUY,Russian,0,-22.510000000002037,0.29045910735814184,0.0,0.08298831638804054,18.43293006778202,0.5195133969697724,60.24944495344108,56.66185904420167,0.0037702068688288347,0.0005643995623570877,0.0004827596996664662,0.011522861788998421,0.0020777483739443693,5,0
JP225,BUY,Russian,0,-25.010000000002037,0.1299114598079969,0.21651909967999486,0.08660763987199793,19.004678540061885,0.5038434198645468,57.73162745676672,56.93451876161849,0.0036822581437147032,0.0004908333197776267,0.00045460261858791637,0.011522308611998038,0.0021111719440296073,5,0
JP225,BUY,Russian,0,-70.01000000000204,0.9621527653107755,0.33675346785877147,0.04810763826553878,17.516310832896664,0.09552370028623744,51.96679966288928,49.90957867968003,0.0026469142667355067,-0.00014796856320747076,6.074080438184807e-05,0.0008299952272206691,0.0015776097760414893,17,0
JP225,BUY,Russian,1,52.51000000000204,1.30823643247914,0.37378183785118285,0.2803363783883871,37.671852830700104,2.0912133135053947,26.753573842668597,67.12897563846072,0.001696595181974564,0.000891751054284466,0.0009007125620028151,0.0055310803306792295,0.0009248917463319655,1,1
JP225,BUY,Russian,0,-97.51000000000204,1.06481027839214,0.0,0.91269452433612,41.710139622018254,1.0400806975989718,49.30455787792998,59.53424226074916,0.00424608345420776,0.00010790870133715229,0.0010537967354632793,0.005958918503907899,-2.0951726868555166e-05,2,1
JP225,BUY,Russian,0,-117.51000000000204,1.2820542128525485,0.07541495369720873,0.414782245334648,35.48158260515547,1.9916064773562108,66.29984843688979,63.03221316383061,0.004952598752828002,0.0014870927006776812,0.002352039447616745,0.007435967609507668,0.0017055957807346957,2,1
JP225,BUY,Russian,0,-15.010000000002037,0.27993360585997007,0.27993360585997007,0.0,13.834892976618498,0.394134670558837,26.792067272379192,53.749436178281584,0.0018710626173281412,4.220225899537536e-05,0.00018121003152137333,0.003215833942114614,0.00011250566543686209,1,2
JP225,BUY,Russian,0,-62.51000000000204,0.7900161508323302,0.09875201885404128,0.3456320659891445,28.81681239993532,0.545634638569422,50.63187626969089,54.441793326110556,0.0043579389084055075,-0.0003056315955685886,0.000592789492723989,0.0004373878298503518,0.0015313578569687895,7,3
JP225,BUY,Russian,0,-22.510000000002037,0.10102771583097274,0.3030831474929182,0.05051385791548637,23.723206206653416,0.24963227348642195,49.4913693621005,53.54867108020644,0.0033780053255183223,1.0668825565990502e-05,0.0002161124279871359,0.0004519057124829424,0.0014714999403177068,7,3
JP225,BUY,Russian,0,-37.51000000000204,0.370008051854932,0.185004025927466,0.1387530194455995,13.277367303794422,0.9393603550111004,54.052877767755554,56.80197561259198,0.0032777256402538426,0.0007154659811238575,0.0007722065010559363,0.0002787486554474527,-0.000749930024455022,12,4
JP225,BUY,Russian,0,-47.51000000000204,0.09331001690428192,0.4665500845214096,0.3265850591649867,13.361640936346797,0.7983427485859572,53.584815070058724,56.40988258431956,0.003327555380837272,0.0005325094492589323,0.0006323944137944573,0.0002329336569643296,-0.0007952927247347969,12,4
JP225,BUY,Russian,0,-102.51000000000204,0.5964139265152881,0.5336335131978893,0.15695103329349688,22.696071256322526,0.7061362667210626,79.64267413662148,55.69113563320243,0.009041011627406094,0.0002085346073110925,0.0016042738615091702,0.0005079782203084704,0.0008166502965644926,17,0
JP225,BUY,Russian,0,-120.01000000000204,0.32860104476648316,0.020537565297905198,0.6366645242350611,23.074488248859893,0.4930077067587185,121.72815831558167,54.39989778646253,0.01553457776581185,0.0007264313267382488,0.0018232556146104786,0.0005530667627552211,0.002854770319644202,3,2
JP225,BUY,Russian,1,85.01000000000204,0.3685603003231171,0.043360035332131425,0.32520026499098564,21.219760320474496,0.5294323627167322,115.31355917265158,54.664060402846815,0.014916367828499547,-0.00020252803234392492,0.0022131872344102184,0.0022703908874449944,0.003327177524995352,3,2
JP225,BUY,Russian,0,-92.51000000000204,0.9412598073097329,0.040924339448249254,0.5320164128272403,14.40965581569611,2.2240529826452864,61.08834091656793,65.12589550891836,0.003634927029390872,0.0015238361619650629,0.0020748753447152224,0.0006091067151549782,0.00134165675509903,10,2
JP225,BUY,Russian,0,-65.01000000000204,0.15041559151676698,0.30083118303353396,0.10743970822626212,39.6817590769527,0.40460302293602873,116.34432191192931,60.383701597213,0.011822796345469925,0.0006500456159698666,0.0012551696530404826,0.02193591043095454,0.0008563213145590692,3,3
JP225,BUY,Russian,0,-90.01000000000204,0.8280053196549112,0.06624042557239289,0.29808191507576803,15.009593199197827,1.2760020163325174,75.48260683403363,57.59577431867833,0.005776171118787796,0.0018499405517522999,0.0017744338032157855,0.007557184131606413,-0.001994513818958136,8,3
JP225,BUY,Russian,1,60.01000000000204,0.35211792002094305,0.457753296027226,0.0352117920020943,29.187689667974965,0.36656129526649744,70.99894262272441,57.00899352069824,0.006202374775354433,9.470262925660397e-05,0.0005526985224244575,0.0013565608391234334,0.0007427721930543633,16,3
JP225,BUY,Russian,0,-100.01000000000204,1.2316881042689705,0.03421355845191584,0.10264067535574753,28.44503462577113,1.4280184772376605,73.07044672110125,65.42541303576976,0.005978093569809213,0.0015553301249452227,0.002222303333515003,0.0031231489722383025,0.0025742708058817043,16,3
JP225,BUY,Russian,0,-35.01000000000204,0.062510838231393,0.187532514694179,0.187532514694179,26.40469144782733,0.42495612908485864,79.98612946912932,57.09564747980453,0.0052749308587401855,-0.00012112356752382379,0.0005727291911698509,0.0018668670413438467,0.0021705566461285223,16,4
JP225,BUY,Russian,1,77.51000000000204,1.042410797721289,0.11168687118442384,0.0,12.912063300743254,1.444716494657743,67.15202888632778,55.02614914577681,0.004078576741091622,0.0007746558013083214,0.0014394744893402543,0.00476636616840016,0.0010065342965917352,3,0
JP225,BUY,Russian,0,-22.510000000002037,0.0,0.1760940488600803,0.3521880977201606,9.168344255055452,0.9902360524851195,42.590877139518234,52.53233069547225,0.001775493538514223,0.00032746938731092323,0.0004230531894562838,0.0036051736379907086,0.0014459921902175656,9,0
JP225,BUY,Russian,1,17.510000000002037,0.45175243930449566,0.0,0.0,8.297465654626226,0.9867405803869747,38.738031004198824,53.00745235760214,0.001769875738204216,0.0002558399314855816,0.0004473317874454672,0.003625668020185384,0.001535776038121385,9,0
JP225,BUY,Russian,1,50.01000000000204,1.0861525917015005,0.0,0.12068362130016672,21.454299861747966,1.1258799385161504,41.430642751131074,62.693643061001,0.003969703497623989,0.0007088065953642929,0.0010953414398336037,0.0013270006214170602,0.001663962840142682,16,0
JP225,BUY,Russian,0,-35.01000000000204,0.7811287278856746,0.0,0.06008682522197497,21.365244473475624,0.08851225713949246,41.60645850008563,53.64300398620838,0.0031613966195311364,-0.00028122023918416536,8.029689411615684e-05,0.0006329686829406824,0.000970408906105864,16,0
JP225,BUY,Russian,0,-145.01000000000204,0.4241718052745862,1.5552966193401494,0.0706953008790977,25.488543762138182,0.3762600238577423,70.72605870298145,54.03482674516758,0.004987409301442527,-0.0003219517316836156,0.0004473317874454672,0.0017317827086835455,0.0018008444559850364,16,0
JP225,BUY,Russian,0,-130.01000000000204,1.6963285672451331,0.9693306098543618,0.4846653049271809,16.13096433324146,3.3316889970418986,41.26559049446488,67.25924474792663,0.002591498385553837,0.0018049364768766996,0.0020532058866700466,0.009995503265671671,0.0014708188292399471,1,1
JP225,BUY,Russian,0,-57.51000000000204,1.40073218868615,0.46691072956204993,0.28014643773722997,48.06933600621269,0.3429192273772199,26.771712896220382,62.70427656957906,0.0030312089750050082,-0.00012680407108168324,0.00029351548087627006,0.0077104970777336366,-0.0002883054686662679,1,2
JP225,BUY,Russian,0,-15.010000000002037,0.18410690226195692,0.36821380452391383,0.0,48.09057265256198,0.5441038365872285,27.15813442391062,60.91500301823693,0.0012209437035003907,7.375749546324403e-05,0.00022502022744387882,0.007865524105288475,-2.1147169886385957e-05,1,2
JP225,BUY,Russian,1,65.01000000000204,0.13896254480443546,0.2779250896088709,0.7874544205584676,15.444886835947804,1.3925243362091801,53.9713777590565,57.276059157388865,0.003426164015278496,0.0011511234452450023,0.0011345710891233784,0.006796015962911731,0.0014165062639642878,2,3
JP225,BUY,Russian,0,-82.51000000000204,0.5345017996803006,0.03817869997716433,0.687216599588958,13.632013390594937,1.0522498900685708,65.48153817430438,61.108291681562264,0.004983180541048394,0.0011062512926816143,0.0016151064449065069,0.008235317799879252,0.0020328842022241432,3,3
JP225,BUY,Russian,0,-37.51000000000204,0.03763885974633683,0.30111087797069463,0.22583315847802096,12.095450566138473,0.4634018551274013,66.42071563401467,55.409850020192565,0.003590504967025681,0.00032498746157162835,0.0004171633952885715,0.007391986876290368,0.0013109013831930298,3,3
JP225,BUY,Russian,0,-25.010000000002037,0.11766380963909505,0.0,0.4706552385563802,14.012826957187864,1.3725741186635343,42.49394962934038,51.947204883995475,0.0015935058098751867,0.00037605696231570487,0.0005298900321829879,0.0031549030673575606,-0.000707675776715263,6,3
JP225,BUY,Russian,0,-35.01000000000204,0.23832978006061567,0.11916489003030784,0.47665956012123134,13.82222834789805,1.5265962570532208,41.958667512958925,52.95769846978456,0.0016742820614722071,0.0003806370028562736,0.0006154240434662721,0.003202940718476352,-0.0006022471808969019,6,3
JP225,BUY,Russian,0,-37.51000000000204,0.0628474517441879,0.628474517441879,0.2513898069767516,13.662135514178054,0.8068347565353831,39.77886024998935,50.66302596931757,0.0017320460472239443,9.270827440579837e-05,0.00033501073445663777,0.0028586071945104216,-0.0007844055181777641,7,3
JP225,BUY,Russian,0,-40.01000000000204,0.2564425364616025,0.512885072923205,0.2564425364616025,14.956633706049065,0.5653359839621208,38.995090822217456,55.60714815890934,0.0032996666035932523,4.756907114724702e-06,0.0004698478288175007,0.003298321049833711,0.0005396353036291123,8,3
JP225,BUY,Russian,0,-105.01000000000204,1.2561170176488794,0.0,1.3817287194137675,34.90797168691601,1.1985595877779067,39.80520866884428,61.59820645954854,0.004529194135323797,0.0002790020379922529,0.0013262608167330446,0.00138935008534604,-1.6622421461537007e-05,2,4
JP225,BUY,Russian,0,-50.01000000000204,0.5132500788963456,0.0,0.34216671926423037,22.1338587367969,0.5511612756400789,58.451038262886875,54.90878785836659,0.004557868414659327,0.00034129667385691476,0.0006128535281210267,0.0010247908545622834,0.0005824018885098963,3,4
JP225,BUY,Russian,1,25.010000000002037,0.19222235796543424,0.04805558949135856,0.2402779474567928,15.838882871393654,0.7148695204598559,52.02308464969625,53.38703322593034,0.0034010568420400527,0.00038449195762414685,0.0005940464606685505,0.0006773447687827978,0.0003005276069414566,4,4
JP225,BUY,Russian,1,25.010000000002037,0.0499073078383117,0.0,0.44916577054480533,15.667579303363716,0.7557696781211961,50.09286431757509,53.991939857054845,0.0033385978459869693,0.0003873791702581633,0.0006201388244197745,0.0007743291221946576,0.000398208338835071,4,4
JP225,BUY,Russian,0,-17.510000000002037,0.2616989775872231,0.05233979551744462,0.05233979551744462,15.508511704478776,0.32830409375497455,47.76480258060544,51.819341590371735,0.0032537713419866655,7.045591619329903e-05,0.00026134566636532757,0.00047657620701463665,9.683158931797498e-05,4,4
JP225,BUY,Russian,0,-30.010000000002037,0.3226091727580646,0.1613045863790323,0.1613045863790323,15.59059683696755,0.6916525892538958,46.49588811056219,54.13799079307155,0.0032514663155717646,0.0003356855143449712,0.000541660969723619,0.0008248283835246724,0.0004406524145464514,4,4
JP225,BUY,Russian,1,17.510000000002037,0.16882479816038126,0.0,0.22509973088050836,15.666818745707126,0.506752716600863,44.424753245522034,53.348044687575836,0.003267380565969729,0.00018873221706566307,0.000394348460135044,0.0007249435843672585,0.000338088886158808,4,4
JP225,BUY,Russian,1,20.010000000002037,0.13339337606366766,0.0,0.400180128191003,16.395773574740083,0.779369171649834,37.483120583240485,55.73910029982257,0.0028025015570125236,0.0003280086533776662,0.0005653186455123905,0.0010193907369413307,0.0006348159560863706,15,4
JP225,BUY,Russian,0,-45.01000000000204,0.3948558304818717,0.7897116609637433,0.236913498289123,14.25662082688573,0.9779464842445608,31.657124031182036,54.495813814606834,0.0013136250573483924,0.00030445757264241905,0.0003063787310803738,0.0009620893119373262,0.0004695976492073491,16,4
JP225,BUY,Russian,1,22.510000000002037,0.22635149891142503,0.22635149891142503,0.22635149891142503,13.252531574412005,1.0789068216059694,33.134306757716104,54.567759614513214,0.0014069272021510135,0.00022145958487221936,0.00037524298408183677,0.0010748570501451997,0.0005414569822593705,17,4
JP225,BUY,Russian,0,-40.01000000000204,0.8436604035107762,0.0,0.38348200159580736,15.054205304437273,0.7503235084674232,32.596053916436695,53.077441207711885,0.0016880254118712833,-3.0999081797326474e-06,0.00030397265857150073,0.001060387093408079,0.0005268089164105438,17,4
JP225,BUY,Russian,0,-35.01000000000204,0.6386336825185543,0.3193168412592772,0.1596584206296386,12.892725643233668,1.3733341521630311,31.316857452815192,57.27636964067208,0.0016337816959259511,0.0003334340317565844,0.0005508941886515081,0.0013944434633691202,0.0008595274602957385,17,4
JP225,BUY,Russian,0,-35.01000000000204,0.41102328159733287,0.0,0.7398419068751991,11.365570271548087,1.330888280072199,30.411902584744272,57.633583441543415,0.0014883098617999829,0.00018657551249019326,0.00048662897401623113,0.0016072008474854879,0.0010741843854096154,18,4
JP225,BUY,Russian,0,-10.010000000002037,0.2413086952052377,0.08043623173507923,0.0,11.878043827498967,0.37242407569510805,31.080521129257715,52.50636644010992,0.0014206073781156936,-7.032666989856944e-05,0.0001329255355138785,0.0012845501257102783,0.0007578826366690914,18,4
JP225,BUY,Russian,0,-110.01000000000204,0.40879423310335233,1.226382699310057,0.16351769324134094,21.657592649614188,0.7360314389762082,61.155461539202875,53.054988032389346,0.0027936774465473903,0.0001510897113768678,0.0005166826836182953,0.0029859769062493906,6.185087921441315e-05,2,1
JP225,BUY,Russian,0,-77.51000000000204,0.15937845006409143,0.23906767509613716,0.8367368628364801,20.668815880036814,1.5508122421246249,62.743739796557584,57.45136213386558,0.0029611093741897534,0.0006214894164650788,0.0011402012337174642,0.003785243332962926,0.0007345264486655705,2,1
JP225,BUY,Russian,0,-60.01000000000204,0.2398167478403596,0.19984728986696634,0.5196029536541125,20.362567547117834,0.9760359061004812,62.547758382517756,54.89837973258495,0.0029329490106129257,0.0002145795401706406,0.0007042223181902103,0.0034023517463524083,0.00034690213050552225,2,1
JP225,BUY,Russian,0,-82.51000000000204,0.781580724686218,0.0390790362343109,0.4689484348117308,19.220320552132556,2.0822815803731562,63.9729184980522,60.56056543827317,0.0032276959930447277,0.0010191598579100804,0.0016408834139997486,0.004432803728623793,0.0013217096123763856,2,1
JP225,BUY,Russian,0,-97.51000000000204,0.9527953382067225,0.28230972983902886,0.14115486491951443,20.37779504502444,1.8381535281265793,70.84417533679716,60.14669390204372,0.004164148491008779,0.0018066697910887847,0.0018292794497573287,0.004459239994031991,0.0018012623924410207,3,1
JP225,BUY,Russian,0,-55.01000000000204,0.21637270739822007,0.3245590610973301,0.25243482529792344,19.4594996466175,0.7329636438286664,69.32482465264653,54.74073069753334,0.004351039932662196,0.0004857409017806569,0.0007595116893607608,0.0034327042520177612,0.0007536127896063387,3,1
JP225,BUY,Russian,0,-50.01000000000204,0.07426551763232006,0.07426551763232006,0.5941241410585605,18.279852254645128,1.1690971387824947,67.32599676682277,57.67614178675428,0.004693655300669786,0.0007304017524495182,0.0013049659969119325,0.004023896703483038,0.0013279204638641275,3,1
JP225,BUY,Russian,0,-40.01000000000204,0.0,0.4796777491409843,0.15989258304699477,15.527499681924876,0.23477139890580054,62.54198793611867,52.10676342538269,0.00438143020485804,-0.00012155716832509957,0.00024509462570067547,0.0030206399626249245,0.0003728211499980719,3,1
JP225,BUY,Russian,0,-40.01000000000204,0.41029447925043994,0.16411779170017599,0.08205889585008799,14.696378139002785,0.7789702916598891,60.931845940681626,55.549276916127496,0.004437930933848167,0.00038696157514397505,0.000824168966882909,0.0036003471698468174,0.0009602462563024998,3,1
JP225,BUY,Russian,0,-30.010000000002037,0.10226650260873711,0.30679950782621135,0.20453300521747422,12.302979182115502,0.7304184920172321,48.89186461308423,55.484375832203,0.0021763990757971744,0.00048098761194608066,0.0003842830204480025,0.003418230143769353,0.0008938770994858702,4,1
JP225,BUY,Russian,0,-12.510000000002037,0.0,0.3135024795838631,0.07837561989596578,13.671793922616521,0.6223278768981172,31.89767434462974,55.71116247985796,0.001400289265331987,0.00011035392457361688,0.00023067396907408097,0.0014633731567195772,0.0012433642287840957,23,1
JP225,BUY,Russian,0,-25.010000000002037,0.3933121634341653,0.0,0.5899682451512479,11.192445730541523,1.381142057522156,25.42509723748692,56.1710748201128,0.0013379375853619097,0.0002623293588783287,0.0004539352184914804,0.0015675533394477448,0.00024944747842079644,1,2
JP225,BUY,Russian,0,-35.01000000000204,0.6702664734960486,0.0,0.6702664734960486,11.493309106097483,1.2515368931878241,26.109018863380708,56.1710748201128,0.0013867151909684513,0.00020985247700942427,0.00041475050833162833,0.0015426902272474194,0.00017148177400921362,1,2
JP225,BUY,Russian,0,-55.01000000000204,0.0,0.07898947026814461,0.789894702681446,27.002287235674668,0.9868559960947654,63.2995762982909,56.0837773953065,0.005738144311324511,0.00016012419167740926,0.0013751254280621298,0.0030273537314726095,-0.0001337722581711307,2,2
JP225,BUY,Russian,1,82.51000000000204,0.2706002766726267,0.30925745905443053,0.6958292828724687,28.040364604507854,1.0281305690950064,64.67103513412727,56.93855751556486,0.005687818858262788,0.0002891787658467729,0.0014414076368128308,0.0031892165801940386,8.721321503138589e-05,2,2
JP225,BUY,Russian,0,-80.01000000000204,0.03894062161006006,0.7788124322012012,0.4283468377106607,32.8041129767811,0.4235918413601685,64.20031054034692,54.53309810246761,0.0059009729434742935,-0.00022921796836850982,0.0006210060499416911,0.0030426050000557617,-5.22683595269436e-05,3,2
JP225,BUY,Russian,0,-45.01000000000204,0.27600384690867685,0.27600384690867685,0.15771648394781534,32.32352741605648,0.18325471365026746,63.404913359016824,53.39345214760974,0.005209556290443961,-0.0002558033253630301,0.00023967930142498368,0.002927969613073874,-9.299812712735716e-05,3,2
JP225,BUY,Russian,0,-50.01000000000204,0.040033679823904586,0.680572557006378,0.08006735964780917,32.06687139525579,0.11216911157251487,62.44741954765848,53.39345214760974,0.004868610834714679,-0.0002046531304808058,0.00013900000234864864,0.002891450704276083,-9.824322654049684e-05,3,2
JP225,BUY,Russian,0,-55.01000000000204,0.7488147648118851,0.0,0.1664032810693078,32.299523339919546,1.1633843374797954,60.09496889568511,61.50129403696206,0.0032830729951815615,0.0008991029031324767,0.0012314380479569334,0.004220726708309391,0.001266213414793959,3,2
JP225,BUY,Russian,0,-85.01000000000204,1.2596561507510784,0.044987719669681375,0.22493859834840685,41.80395741191019,0.2599794085677792,55.570720595665755,51.8165453071754,0.007122847143507992,-0.0008078548796862201,0.0004514691146515262,0.0008676602439755264,-0.000785589538935062,2,2
JP225,BUY,Russian,0,-25.010000000002037,0.15836721594364167,0.475101647830925,0.15836721594364167,15.769843493039941,0.435004764915922,31.572191063707,56.49664693932934,0.002483427262699849,0.0004894269667785209,0.00026404367440805717,9.008923388106863e-05,-0.0007329197309898151,19,2
JP225,BUY,Russian,1,67.51000000000204,0.27063471734749345,0.16238083040849607,1.0284119259204751,20.553958061254132,1.4123108989105644,46.187717978362954,61.20371492899412,0.003930614534075152,0.0004874870400360792,0.0013431825469065915,0.0014986588290306863,0.0007982601152067429,21,2
JP225,BUY,Russian,1,120.01000000000204,1.0517028656777752,0.676094699364284,0.07512163326269823,21.883410406581703,1.2464015663274974,66.55872327103354,58.275175734391965,0.00523343724800301,0.0005546876962968187,0.0015592347193090232,0.002114936858482173,0.001391082393021073,21,2
JP225,BUY,Russian,0,-30.010000000002037,0.20924023137610676,0.0,0.29293632392654945,11.646437289079717,0.2293444890327356,59.73994541007462,50.207941832647535,0.00662983344629124,-0.00025748926760416773,0.0003633920200432862,0.0022514907748454613,0.0022062616316391712,18,3
JP225,BUY,Russian,1,77.51000000000204,0.8728002335176768,0.039672737887167124,0.317381903097337,11.349350939858418,0.31138482549548696,63.015565175013315,50.63999051981261,0.006411429441772422,-0.0002202231319900794,0.0005049447302598034,0.002489397470486018,0.0023615193635286753,18,3
JP225,BUY,Russian,0,-82.51000000000204,0.45596500584545163,0.3704715672494295,0.11399125146136291,24.51002024116609,0.3209056595211636,87.72603047865896,50.54985169194952,0.008732412287606952,-0.0006476369401341838,0.0006674075499335592,0.00595603357475307,0.0008011611877890554,3,4
JP225,BUY,Russian,0,-30.010000000002037,0.18370433646636763,0.36740867293273527,0.0,19.401711324919777,0.3655225575993174,54.43529636999499,45.144515000739304,0.0025619238421474683,-6.734953311079825e-05,0.00024457212384417784,0.0003848599874229653,-0.0017775534554909144,5,4
JP225,BUY,Russian,0,-110.01000000000204,1.6458794906353311,0.19363288125121544,0.29044932187682315,35.71511504760303,0.14828353067136013,51.64412126381676,52.377172301141265,0.009483909162403908,-0.001286927306035206,0.0003776599493330934,0.0021022423682067995,0.0012273212750609811,8,4
JP225,BUY,Russian,0,-30.010000000002037,0.3217659162027261,0.25741273296218087,0.19305954972163564,16.044245527069055,0.4977486343563191,38.84811712662715,49.65381186213115,0.0014070010518772806,2.813528786189495e-05,0.00017610121655498045,0.0003037051441731367,5.6709619501452275e-05,10,4
JP225,BUY,Russian,1,47.51000000000204,0.6535566041773647,0.23765694697358716,0.23765694697358716,15.045200952828592,0.751270330610766,42.0774571387193,58.375373982827135,0.005028663507128102,0.0002131090240877585,0.0009403684175385817,0.00043861063615366916,0.0006470351677410136,7,0
JP225,BUY,Russian,0,-55.01000000000204,0.5637862425404295,0.501143326702604,0.3132145791891275,12.691017839317267,0.44636439332441274,39.908742537977965,56.509776016274415,0.0036602146356841804,-6.791129997204745e-06,0.00045569272571140997,0.0006192010469042791,0.0006733799426726312,8,0
JP225,BUY,Russian,0,-65.01000000000204,0.8384805722598677,0.7186976333656009,0.0,12.768538769991661,0.1413670823434092,41.742171682843185,54.69385622556079,0.0017031455092838977,-2.8428891735627525e-05,5.93026181003854e-05,0.0009460426051527438,0.0007885911262023209,8,0
JP225,BUY,Russian,0,-35.01000000000204,0.5832117167596732,0.23328468670386926,0.0,11.780023019973674,0.4902903393750629,42.86607981557728,53.60173212341602,0.0020733635597473096,8.673827776014065e-05,0.0002490934493004703,0.001338226514662097,0.0008634374650255931,9,0
JP225,BUY,Russian,0,-132.51000000000204,1.0415046767285023,0.10079077516727442,0.6383415760594046,17.85377896782857,1.0862541140218829,74.41157176887317,56.48410243268573,0.0049403177388742826,0.0002684287164208052,0.0012769034452282924,0.002568550157444597,0.0026660663983378136,17,1
JP225,BUY,Russian,0,-62.51000000000204,0.3301273279527602,0.30011575268432744,0.12004630107373097,13.51839596493184,0.9823714804414817,83.30119221131288,58.61180354996405,0.005300716680055908,0.0012688379958177753,0.0012384003091200336,0.003088992256781521,0.0026305388012148783,17,1
JP225,BUY,Russian,0,-55.01000000000204,0.2857531362235664,0.19050209081571093,0.2222524392849961,12.11812031486905,0.39649339299914244,78.73929328424427,54.297155100903986,0.005351676058698555,0.0003129456180792093,0.0005101734624263269,0.002491697366017815,0.001920714959437733,18,1
JP225,BUY,Russian,0,-62.51000000000204,0.5885226897774725,0.03678266811109203,0.29426134488873623,10.981429664391438,1.651950874563705,67.9667932856157,58.547884992565926,0.002987864473584394,0.0007787763924251591,0.0012740560217185466,0.0035285968060111924,0.0026713433972071175,19,1
JP225,BUY,Russian,0,-45.01000000000204,0.7057856749619065,0.0,0.2714560288315025,13.731600816509765,0.6156964278604113,46.04797341877777,51.45023098053166,0.0031175903591705934,-8.54473322766526e-06,0.0004580827876104435,0.0010766922688422577,-0.0001737498386650315,1,4
JP225,BUY,Russian,0,-167.51000000000204,0.6687142374484519,0.6050271672152661,0.8597754481480097,20.121456530766977,2.2946610005616495,78.5088712935426,61.12531220419114,0.004482009952350773,0.0015270689609155927,0.002454855909277545,0.0033568923358936126,0.0014706163793113509,2,4
JP225,BUY,Russian,1,72.51000000000204,0.14407178502305115,0.5474727830875943,0.14407178502305115,23.143831526078046,0.7058272049546993,86.76230393064145,53.243390352723665,0.003774114753618702,0.0004099868729685501,0.0006953588264125234,0.0017101823752431568,0.00024212199873271923,2,4
JP225,BUY,Russian,0,-107.51000000000204,0.7365975959566833,0.11332270707025897,0.36829879797834164,24.66379357827705,2.0134067039386054,88.24356793559562,59.08426706955527,0.003401535392294498,0.0015434517209178373,0.0020234678800788285,0.003199005774286915,0.0016744408800541293,2,4
JP225,BUY,Russian,0,-75.01000000000204,0.37453832194198783,0.34572768179260416,0.14405320074691838,29.036643705751906,0.9854814208482661,86.77349711903157,55.919195073590245,0.004831891736532774,0.0003049382261151435,0.0011453045964338034,0.0029071597916027333,0.0011120070847081753,3,4
JP225,BUY,Russian,0,-45.01000000000204,0.0,0.11934644564543914,0.417712559759037,28.917816382615907,0.9767660961149549,83.78967589624361,56.357357697116356,0.004750435163594611,0.00032487141920036427,0.001150016016323752,0.0029781951731901505,0.001174461996859486,3,4
JP225,BUY,Russian,1,60.01000000000204,0.29017297388186497,0.032241441542429444,0.4513801815940122,25.22317249428136,1.2275304105762377,77.53995728478898,58.362125333890596,0.004760886517653812,0.0007770119162058828,0.0013974865366146922,0.0036277107107468972,0.0018121230216167899,3,4
JP225,BUY,Russian,0,-182.51000000000204,1.0249313399610906,0.93708008225014,0.17570251542190124,30.165292448139173,0.5049641393229732,85.37157230778186,55.21318072379443,0.0049761335811648825,-0.00020280113656138762,0.0006290775510285059,0.0055141465459758775,0.0030031034144403293,5,4
JP225,BUY,Russian,0,-70.01000000000204,0.25803071023115326,0.14335039457286294,0.40138110480401623,27.997788256576968,0.7457817151605937,87.19892287179182,56.329773594433476,0.003979154956346977,0.00024114372474922884,0.0007800296436224966,0.005944669300278558,0.003333498334364689,5,4
JP225,BUY,Russian,0,-50.01000000000204,0.45980482496428987,0.22990241248214494,0.07663413749404832,17.218397689570075,0.33988685114656647,65.24507436895624,54.13743029237735,0.004934595447172252,0.0006866623689237363,0.0003994723863270725,0.004653628879204598,0.0007857106538336761,2,0
JP225,BUY,Russian,0,-72.51000000000204,0.8777657131436246,0.2925885710478749,0.041798367292553554,18.75369246097333,0.05045488312790763,59.810948655053785,50.58678378238606,0.005155907835785076,-0.0007192420268929647,7.080464293782678e-05,0.004707142861631317,0.0011964208468555437,4,0
JP225,BUY,Russian,0,-30.010000000002037,0.04740654731851998,0.37925237854815985,0.14221964195555994,15.21682734156621,0.3234711685146978,52.73533175075466,55.066655717292534,0.0037010708847351093,0.00015740402038284652,0.0003066796999561452,0.00520511152774263,0.0018191303034434,4,0
JP225,BUY,Russian,1,32.51000000000204,0.1592155091977911,0.0,0.875685300587851,14.518501749298464,1.2823808129999594,31.403975813616082,57.69646482803642,0.002170839999043393,0.00027291101798742115,0.0007129770809408144,0.0017955479167853364,0.0011373184687440054,10,0
JP225,BUY,Russian,0,-40.01000000000204,0.5236823580762232,0.37405882719730227,0.2992470617578418,16.150759537421827,0.45661344200044474,33.41720363520979,52.72264600029546,0.0020977533344506104,-0.00011077586118783014,0.00022897121946949232,0.0013799508776590524,0.0007495710124146925,10,0
JP225,BUY,Russian,0,-57.51000000000204,2.439226266415866,0.11087392120072119,0.0,18.44349409566947,3.386967765517888,22.548133708323636,71.75014552677372,0.0014354645020406471,0.0009532115186092008,0.0012028194428699078,0.0004332499890196096,0.0003672861017789725,23,0
JP225,BUY,Russian,0,-17.510000000002037,0.38348363268859204,0.0,0.511311510251456,23.08419381650899,0.6737146722477324,19.557549164270007,57.79564462703867,0.002456614468142604,0.00015032423232836382,0.00039995307696755785,0.0004894185322594726,0.00011590236781904823,1,1
JP225,BUY,Russian,0,-45.01000000000204,1.3556098742372196,0.6778049371186098,0.0,22.736552345364036,0.1358270543306941,22.1302607557949,52.9608357096384,0.0021993090239090483,-8.993540870643474e-05,7.661184929243068e-05,0.00031211384548105733,-0.00020694281557464574,1,1
JP225,BUY,Russian,0,-5.010000000002037,0.11856634059695423,0.11856634059695423,0.0,23.416078338834875,0.23412809112019597,21.08524213038098,54.22380720015912,0.002013727703684618,7.52700009142227e-06,0.0001226140540404381,0.0004153377757742049,-9.509863264430461e-05,1,1
JP225,BUY,Russian,0,-57.51000000000204,0.4199199045249937,0.13997330150833123,0.5132354388638812,16.473450257158426,0.8282720684502618,53.58164677964389,57.3873920712935,0.0031807158916100447,0.0005646725347304272,0.0006917300858817478,0.003023394816453433,0.0007418477617360001,3,1
JP225,BUY,Russian,0,-42.51000000000204,0.8073857700366779,0.0,0.33641073751528244,19.382285333440276,0.39517403072733254,37.15695905643366,50.76560435817601,0.0037306614243160265,2.9600596883412797e-05,0.00035236363397305706,0.0008263039373231486,-0.0009348057570666058,7,1
JP225,BUY,Russian,0,-15.010000000002037,0.3096757141718722,0.20645047611458145,0.10322523805729072,16.542234467775188,0.4614758941700328,24.21888335692171,57.82120376040346,0.0023219032733369947,7.236938707865867e-05,0.0002856605801761936,0.0021422165599198706,0.0007139846009764059,9,1
JP225,BUY,Russian,0,-25.010000000002037,0.09698895911061345,0.5819337546636807,0.29096687733184035,13.62158370363698,1.766106936303888,25.776129808227072,61.366487422691264,0.0008092101445212618,0.0002079657755429173,0.00033986020700031434,0.002281818691772568,0.000999538718070941,10,1
JP225,BUY,Russian,0,-10.010000000002037,0.10142290907865774,0.10142290907865774,0.20284581815731548,13.475766457150065,1.1497217607168753,24.64926339335371,58.933814824637636,0.0008371561636902054,8.708046544360422e-05,0.0002289309101145834,0.002157977509950812,0.0008938249525530471,10,1
JP225,BUY,Russian,1,20.010000000002037,0.3740686707031557,0.18703433535157785,0.18703433535157785,12.551243483494819,0.9752093023028876,26.733059417145245,56.56264796707942,0.0015737809277531194,0.0004001903305296816,0.0003658675160206441,0.0019390409556163802,0.0008655840919093105,11,1
JP225,BUY,Russian,0,-17.510000000002037,0.6458385400086066,0.1076397566681011,0.0,17.1938484843365,0.161931135346083,23.22561920785976,50.28087658114134,0.0026384360529239145,-0.00030538464834144923,0.00010382167099004962,0.0018067924378936935,0.0008982356311896611,12,1
JP225,BUY,Russian,0,-82.51000000000204,0.6352484158121174,0.0,0.6749514418003748,27.07960191362686,2.8644429400593125,62.96749272308377,61.08008119800645,0.002399068896568545,0.0012977155232183966,0.0017226619301744421,0.0023438138113219885,0.001797984549498711,2,2
JP225,BUY,Russian,0,-20.010000000002037,0.1279100620438525,0.6395503102192625,0.255820124087705,35.10300864607211,0.47676865418928965,19.544983092439622,61.3831193594484,0.0010036893267689477,-3.095438450850731e-05,0.00013925891109259814,0.0012228956432116572,0.0005320389693570817,19,2
JP225,BUY,Russian,0,-50.01000000000204,0.1922882068396016,1.025537103144542,0.06409606894653387,26.175286844791806,0.28129038141267004,39.003952053368366,53.45489744252178,0.002790903182322511,-5.738463838823003e-05,0.0001867302719721805,0.0019271404370183902,-0.0002998299115171892,1,4
JP225,BUY,Russian,1,52.51000000000204,0.9382516456345048,0.18765032912690094,0.18765032912690094,25.16641874802006,1.3367056041525736,39.96795547812777,59.712090088228116,0.002904401026061042,0.0005879866221367968,0.0009295851295365986,0.0027231558290776517,0.00044745854822027075,1,4
JP225,BUY,Russian,0,-60.01000000000204,0.9423230252765891,0.13461757503951272,0.0,38.94024714332954,0.30663696201747537,55.71337916166305,60.469367993520066,0.0034687129858309326,-0.0003025944392680922,0.00030919265749523227,0.008381099845107005,0.0020568557734399985,3,4
JP225,BUY,Russian,0,-25.010000000002037,1.2225894711754328,0.0,0.1358432745750481,38.436999211073605,0.12494701963712139,18.403561073013208,53.81466093188114,0.004387928387504149,-0.0004695685624433024,0.00014327647383770908,0.0010547823803503012,5.966214079155546e-05,23,4
JP225,BUY,Russian,0,-25.010000000002037,0.4936689031353124,0.1410482580386607,0.07052412901933035,28.498866484592345,0.1442415655951787,35.44886033707359,52.257415191825395,0.004451684357555726,-0.0004205386525738511,0.00017411285547309569,0.00011495737778552842,0.0012368408923186575,6,0
JP225,BUY,Russian,0,-50.01000000000204,0.7371138025876147,0.0,0.18427845064690368,25.482686933232465,0.18569059055914,54.26570477934515,52.00432965919187,0.006210829081067204,-0.000544050954265252,0.00028130705982754305,0.001433853958735807,0.001191574249975081,3,1
JP225,BUY,Russian,0,-20.010000000002037,0.0,0.19298255811043968,0.19298255811043968,24.75985550941268,0.1966658724857475,51.81815443796335,52.656564958981605,0.005592309853240544,-0.0003559100908744618,0.0002907366426934746,0.0015273916349632854,0.00126899592498769,3,1
JP225,BUY,Russian,0,-35.01000000000204,0.2602077588693582,0.36429086241710146,0.10408310354774328,21.895641518498515,0.4110019101536161,48.03853679964955,56.294239945083206,0.0018683745073158338,0.00023435419417478263,0.00025745723219663144,0.002185387996013574,0.0018587722120018255,4,1
JP225,BUY,Russian,0,-20.010000000002037,0.23237638378338663,0.46475276756677325,0.23237638378338663,9.249179368333701,0.5163117378228583,21.516816462127366,54.111066554745754,0.0013409583930414778,8.16710660640039e-05,0.0001889558659751846,0.0013042167068889072,0.0008205548622739442,12,1
JP225,BUY,Russian,0,-12.510000000002037,0.11977334201948901,0.47909336807795605,0.0,9.001827526637191,0.44222974549147254,20.872758143403985,54.111066554745754,0.0010846960748095446,6.533578564249228e-05,0.00014171020523771533,0.0012886662131892884,0.0008179960653665531,12,1
JP225,BUY,Russian,1,10.010000000002037,0.0643805263748413,0.0643805263748413,0.1287610527496826,17.78425829711714,0.4021210740386491,38.83161789396231,51.16267971871473,0.002831939549022563,2.7964692042011545e-05,0.00032278745410274184,0.0024728890595484753,0.0006640883055618583,3,4
JP225,BUY,Russian,0,-30.010000000002037,0.5205358454800123,0.5205358454800123,0.2082143381920049,24.5587172837315,0.43460465415804006,24.013716074582955,56.21457654027058,0.0035651617474045075,-6.060091551181595e-05,0.0003765764105982866,0.0039546939533992775,3.193318861633381e-05,1,1
JP225,BUY,Russian,0,-15.010000000002037,0.47068401706302876,0.23534200853151438,0.0,19.9958520682468,0.12070205849323998,21.2456757346424,54.15517112159758,0.0030069776213407745,-0.00012145833432250376,9.440944687255718e-05,0.0037755785394631394,-9.032291509607416e-05,1,1
JP225,BUY,Russian,0,-152.51000000000204,1.2134868636901708,0.47355584924494465,0.11838896231123616,23.52269324983671,0.20433798848051346,84.46733381876184,50.82113203607218,0.006553474933514262,-0.0006163371117654101,0.0003184402197166303,0.004104857380921947,-0.0007267307574382216,2,1
JP225,BUY,Russian,0,-70.01000000000204,0.3915239732200598,0.06525399553667663,0.4567779687567364,15.439534664717634,0.7410979022042625,76.62366049584968,58.60477244471648,0.00814813661289313,0.001426408869106505,0.0014438000884018007,0.004411389885271219,0.0011511202981340258,3,1
JP225,BUY,Russian,1,72.51000000000204,1.171153572942543,0.0,0.04182691331937654,29.319147207086672,0.8253737418743934,59.77012888593579,60.60916935361196,0.00850236044743704,0.0006357178080799699,0.0017221720985237153,0.003606807527820932,0.0008212995624534211,2,2
JP225,BUY,Russian,1,75.01000000000204,0.5310036181523706,0.08169286433113394,0.6126964824835046,28.213601330168537,0.7731253673277069,61.20485602919974,60.72801352947675,0.008133287452188576,0.0006210973789243075,0.0015551005318225784,0.0038505404120525483,0.0009462266635241559,3,2
JP225,BUY,Russian,0,-62.51000000000204,0.6916888651400684,0.11528147752334475,0.153708636697793,25.45519271802737,0.3368369763265056,65.05815297588664,56.99684766936949,0.00418417246382296,-7.098820522939578e-05,0.0003574959160760391,0.004177392074703421,0.0008200359826430442,3,2
JP225,BUY,Russian,0,-30.010000000002037,0.209117317397648,0.0836469269590592,0.209117317397648,23.328313747046277,0.45660562819874706,59.77505906997921,58.066327993161096,0.003674795736429405,7.682036593065726e-05,0.0004006238295752189,0.004612115062577532,0.0010917997273221561,3,2
JP225,BUY,Russian,0,-47.51000000000204,0.18278169969038427,0.36556339938076854,0.31986797445817244,19.197082861789582,0.6153253184212173,54.71007227167216,54.99705800244395,0.0041361041186956694,7.923062468860321e-05,0.0006063404960875595,0.0006274367851364154,0.0007712090182652472,17,3
JP225,BUY,Russian,0,-20.010000000002037,0.38692605150039056,0.23215563090023433,0.0,11.362949214727308,0.19794305816109323,32.30591466128608,50.75798717755861,0.0017164156060017128,3.907622392862529e-06,8.567106357103769e-05,0.0006285646230597769,-0.00015178098770835623,21,3
JP225,BUY,Russian,0,-25.010000000002037,0.38649588118841954,0.30919670495073565,0.07729917623768391,10.850068995970613,0.9525612513445147,32.34187117742184,54.843985434194096,0.0017477986703618898,0.00030691986087731253,0.00039590807197926477,0.0010611136253703842,0.00023799102517125988,21,3
JP225,BUY,Russian,0,-15.010000000002037,0.09290875254636018,0.27872625763908054,0.18581750509272035,8.006339561949428,0.663685596672366,26.908121479217307,53.05644775516314,0.0012920527542159333,2.2913292545927308e-05,0.00021759488539790518,0.0010616006680592269,0.00023305764217044505,22,3
JP225,BUY,Russian,1,10.010000000002037,0.0,0.0,0.3890990248113282,7.704348491028421,0.8790490805546148,25.700398516416072,54.34339324418093,0.0012467445866781056,9.609178414023567e-05,0.0002754550257773582,0.0011586624087829781,0.000329708988050139,22,3
JP225,BUY,Russian,1,60.01000000000204,0.2417409200585746,0.2417409200585746,0.09669636802342985,26.70989573262213,0.36637963642490756,103.41650058228628,55.01862065780741,0.007589828617465909,0.00010878565955186932,0.0006815920031165767,0.01684780921091154,0.00017952872170780087,2,0
JP225,BUY,Russian,0,-115.01000000000204,0.5530513524453344,0.17597088486897006,0.427357863253213,23.038186171190546,1.0937159804374947,99.44826959886404,60.71664980762884,0.007188069868535663,0.0012631976521236131,0.001990664949244773,0.018120006147822634,0.0018315792464062464,3,0
JP225,BUY,Russian,0,-95.01000000000204,0.311907257484978,0.20793817165665202,0.467860886227467,21.569098591808945,0.6909600837698142,96.18243654187768,58.5175748057197,0.006583057444764928,0.0004666544809789189,0.0011363957042685399,0.01730552467988995,0.0012507523088655795,3,0
JP225,BUY,Russian,0,-50.01000000000204,0.28537739017692904,0.19976417312385034,0.08561321705307871,14.7218983583381,0.3599201579188522,87.60329605824916,54.887663630960745,0.004056647657928791,0.00024812336796501447,0.00035136938460995286,0.015681066669736614,0.0008367499576400499,3,0
JP225,BUY,Russian,0,-40.01000000000204,0.7001999188773536,0.0,0.3182726903987971,17.74853082914493,1.2696356968530789,39.274497552201055,60.218320375448755,0.0030521204485823624,0.0008524672750292194,0.0009404023111009663,0.0030234908598523024,0.0005692663536738832,10,0
JP225,BUY,Russian,0,-22.510000000002037,0.0,0.0971800309169514,0.34013010820932993,18.137599104617607,0.24919644154550846,51.45089945765633,53.19685456018525,0.006058144321144444,-0.00010816705075137478,0.000360178619957875,0.003242545780647029,0.0011763660123697342,11,0
JP225,BUY,Russian,0,-17.510000000002037,0.05364289882571291,0.10728579765142582,0.21457159530285164,14.94491302294805,0.14762523733977195,46.604491083201175,53.80592790426572,0.0051603634420845,6.750016733178789e-05,0.00019217463303846573,0.0032728962742486095,0.0013238953531194925,12,0
JP225,BUY,Russian,1,50.01000000000204,0.5838473572985293,0.05307703248168449,0.4246162598534759,10.186477502272608,0.660912138569192,47.10135218774119,53.04400420827711,0.0030347158974674887,2.6009325906662966e-05,0.0004769493935230171,0.0016482219085737916,0.0014433326140031798,17,0
JP225,BUY,Russian,0,-152.51000000000204,1.4675579694556227,0.029351159389112456,0.2935115938911246,21.162878302426936,0.881272029866434,85.17551102009797,53.342796709135484,0.003876083634343567,0.00027546381291302844,0.000818387234264543,0.0015607164216485793,0.0004419083970000916,2,2
JP225,BUY,Russian,1,107.51000000000204,0.5474234844500138,0.3169293857342185,0.37455291041316735,22.978899744597285,1.6516671465974673,86.77011737580526,56.96409396892399,0.004151170506507362,0.00096135829482991,0.0016380644959159303,0.0024573783083418396,0.0012531363174635934,2,2
JP225,BUY,Russian,0,-85.01000000000204,1.5545008978430275,0.0,0.0,13.245721450027485,2.386532439167844,54.6799298205251,62.95637737110438,0.003016561206981939,0.00141917534265033,0.0017983773175185027,0.0010187853683410197,0.0019396463214821774,7,3
JP225,BUY,Russian,0,-17.510000000002037,0.16739835495889796,0.2510975324383469,0.16739835495889796,15.35309781355957,0.5592206152682239,29.868871777310307,53.01128701605177,0.0017205910358286058,0.0002978361682302188,0.00023143191689140683,0.0007162727634009474,0.001080314905939164,19,0
JP225,BUY,Russian,1,47.51000000000204,0.391837178699703,0.15673487147988122,0.1959185893498515,19.761063152605168,0.747777828368617,63.802011036731024,52.38580133723512,0.004811798810970238,9.536172931831268e-05,0.000904223207638683,0.002219760089524369,0.002365975772002222,21,2
JP225,BUY,Russian,0,-60.01000000000204,0.11329757597596563,0.5664878798798281,0.0,14.735514440214029,0.19045932096506912,88.26314167675882,53.22141493466293,0.006279306995946104,0.00011630035646424619,0.00028556624511325213,0.00932075014921677,-0.00012191165475470513,2,3
JP225,BUY,Russian,1,195.01000000000204,2.348160181108812,0.12358737795309538,0.7415242677185723,27.018321740613835,0.6296574656184817,60.685808892607504,53.74688857440479,0.007546222259258253,-0.0006256813763500199,0.0011437866196463142,0.0013355962127918483,-0.0010404244121246966,2,1
JP225,BUY,Russian,1,150.01000000000204,0.07351340680806592,1.6172949497774505,0.5145938476564614,25.79027618351381,0.5724622106643876,68.01480460638096,54.130319548839864,0.007429878615920882,-0.0003397652024874495,0.0010346530307070326,0.001506007739477609,-0.0006891791094678385,2,1
JP225,BUY,Russian,0,-112.51000000000204,0.9732757824685726,0.15207434101071446,0.24331894561714315,29.548199618778824,1.255730054116566,82.19664091208725,61.335907348858356,0.0064202845574728605,0.0010822961533451174,0.0019375345703480948,0.006581395680516366,0.002710622965549832,3,1
JP225,BUY,Russian,0,-40.01000000000204,0.26214734890399155,0.0,0.26214734890399155,27.45188878728558,0.7701011604580634,76.2929706656113,58.4427093666182,0.0035851410714178205,0.00037605736341960215,0.0009119402402722812,0.006081163850719461,0.0020472528879002345,3,1
JP225,BUY,Russian,1,82.51000000000204,0.498018671373937,0.21788316872609745,0.31126166960871066,22.765818757655822,1.6525405796091086,80.31827379011263,58.296443571135214,0.003264977318726935,0.001395620484459196,0.0012847723177800763,2.049417664592983e-05,0.001227947561594408,2,2
JP225,BUY,Russian,0,-105.01000000000204,1.515192271233869,0.3030384542467738,0.0,17.15853407509249,0.09570489215391775,57.74844662370538,51.77850002701098,0.0034506555631417446,-0.0002985851014514085,7.85490026067129e-05,0.0018563060778613307,0.0012172142975669293,5,2
JP225,BUY,Russian,1,42.51000000000204,0.41006766491726326,0.15377537434397373,0.30755074868794746,8.557718482499212,1.4542021083510601,48.7724385779973,56.90719606054962,0.002441438355943206,0.00059932720915407,0.000893352711515543,0.002488363984294832,0.0016791894548614907,7,2
JP225,BUY,Russian,1,60.01000000000204,1.0764951489056156,0.15378502127223082,0.0,11.291890993842323,0.0028865829710297054,48.76937908486856,50.0136634925086,0.0032092414826439797,-0.0005189520860606687,2.2434516360991326e-06,0.0020378671202972605,0.0011989556611318117,7,2
JP225,BUY,Russian,1,62.51000000000204,0.22562630078405785,0.22562630078405785,0.4888569850321253,32.973318772043186,0.7656667033542379,66.48161117686445,53.531253474532704,0.006054929690405757,-8.139053753542335e-05,0.0011284771856906693,0.002288374423532607,0.0016003794664659224,16,2
JP225,BUY,Russian,0,-77.51000000000204,0.896796490931161,0.06184803385732145,0.0,37.467437969648664,0.03506591557299669,80.84331365382782,51.66661576541663,0.00636411413502538,-0.0008861737571453643,5.3472751769469815e-05,0.003305571911820427,0.0029838749623955305,17,2
JP225,BUY,Russian,1,70.01000000000204,0.26066491430626215,0.4096162939098405,0.3723784490089459,16.262193130594696,0.5793090259930138,67.13600120129242,54.21834848849688,0.004468107875144115,-1.436394978287476e-05,0.0008237487032781088,0.00508962220401706,-0.0004029833092060608,1,3
JP225,BUY,Russian,0,-175.01000000000204,2.1044734780360304,0.16702170460603416,0.06680868184241366,16.9769583619546,2.542525226805505,74.84057254405725,66.06465662185614,0.004869925217053441,0.0022542908457061066,0.003283232042351764,0.007871644040418272,0.0019598492393627866,1,3
JP225,BUY,Russian,0,-57.51000000000204,0.7823035233047202,0.0,0.21730653425131116,20.439671686652247,1.626260628428399,57.522430437107666,61.52137776594873,0.003570715387474097,0.0007578289210716153,0.001381107560585451,0.000253541352688821,0.0015932817255922488,7,3
JP225,BUY,Russian,0,-52.51000000000204,0.4133711042696817,0.3215108588764191,0.22965061348315652,33.38620932398882,0.3911048840203325,54.430509940339434,58.88291442669701,0.006877551110118008,-0.00034468381683056893,0.0006624842543607937,0.00046098276638721283,0.0007065227098437484,23,3
JP225,BUY,Russian,1,135.01000000000204,0.5199186547024047,0.12379015588152494,0.6932248729365397,22.311619255484914,1.0631742402812785,100.97733467565301,55.03046734748752,0.005216845220445395,0.0005414981117620018,0.0013189345263615385,0.0021758761123236887,0.00048145919252731245,2,4
JP225,BUY,Russian,0,-60.01000000000204,0.13416606163410574,0.29516533559503266,0.2146656986145692,29.986808804767723,0.301515775196781,93.16812201054005,53.955871009094174,0.00851795171880501,-0.0006372748652527751,0.0006446391434095994,0.0041252254899366994,0.0008319037388991886,3,4
JP225,BUY,Russian,0,-100.01000000000204,0.634350445808946,0.09515256687134188,0.5391978789376041,34.160547880179365,1.5598432006576683,78.82078483642941,56.109913435649865,0.004535459615179715,0.0017263714661432397,0.0018014919988064866,0.0030118975973072596,0.0006911864439613966,10,4
JP225,BUY,Russian,0,-100.01000000000204,0.340203349864768,0.471050792120448,0.235525396060224,13.095265984727,0.8012872887192052,95.53109930551496,53.8608474342893,0.006282600637813076,0.0014942253208946876,0.0011977013982407928,0.0014248853521271563,0.0012429881589028431,20,4
JP225,BUY,Russian,0,-77.51000000000204,0.05305424613137152,0.3713797229196006,0.39790684598528636,13.268932506034735,0.7462744651228415,94.24316364083532,53.86084743428929,0.006267085497506687,0.0011950231299518116,0.0011307150486745787,0.0013807873200108985,0.0012345171310741664,21,4
JP225,BUY,Russian,0,-137.51000000000204,1.4023418046360832,0.21339983983592567,0.06097138281026448,11.317958132354798,0.12310326535695133,82.0056847908369,48.13200225920403,0.006265172917417157,-0.000652079750979548,0.00019845214816554302,0.00025193620937724115,0.00041802177395302073,21,4
JP225,BUY,Russian,0,-22.510000000002037,0.0817495781648814,0.2043739454122035,0.0817495781648814,19.162079745112056,0.4055944404543796,61.162395112491694,51.44320195041503,0.0030831497055002193,-8.586716088538102e-05,0.0003387550242941472,0.0006861168022209132,0.0010530537319903424,23,4
JP225,BUY,Russian,0,-155.01000000000204,0.0,0.2409416082151085,1.4188783594889722,29.45103286929954,1.5641894083761554,93.38362172760294,62.612593717832375,0.007707730455936714,0.0012620660056768087,0.0029367015562268904,0.0047354582541500965,0.00031821243276009404,1,0
JP225,BUY,Russian,0,-140.01000000000204,0.41065346900572636,0.33365594356715267,0.6929777289471631,27.87461220313754,0.8146366064357785,97.40572774618938,57.7285934746058,0.00830506408365386,3.857120375065701e-05,0.0016471438319219298,0.003962272825773339,-0.00039188047163895336,1,0
JP225,BUY,Russian,0,-132.51000000000204,0.20981910751825358,0.36241482207698344,0.4387126793563484,27.39025244540397,0.38291764276283935,131.065279636687,56.23593340057112,0.01897894510619588,-0.0007942202264240527,0.0017627122166345985,0.009821708229990553,0.0021866398993419405,3,0
JP225,BUY,Russian,1,35.01000000000204,0.11393377385771644,0.11393377385771644,0.5696688692885822,16.372525367990942,1.5725152585765123,43.88514336621672,59.72586893295031,0.0019547125313377142,0.0007257813707246309,0.0007309803473853499,0.000955050367688992,0.0005907570472939456,15,0
JP225,BUY,Russian,1,77.51000000000204,0.5496154615284401,0.4526244977293036,0.0,12.991753298197791,1.5777903785297123,77.32679113831811,57.8231146079616,0.0028317207651876925,0.0008287044781885929,0.001076649929788326,0.00848887317356247,0.001008781664181562,2,1
JP225,BUY,Russian,0,-127.51000000000204,1.133782047786756,0.1532137902414535,0.2757848224346163,12.625106154895457,2.884757648232798,81.58534542028451,65.80191472117428,0.003176195716675842,0.001886386753981934,0.002552897672489917,0.009905648756760685,0.0024566995641781696,2,1
JP225,BUY,Russian,0,-85.01000000000204,0.51794066322644,0.0,0.51794066322644,12.336880817388034,1.3197973964315388,82.05573151034737,57.727514933175065,0.00380132588418603,0.0004140683713180133,0.0011982334358394068,0.008594069282882458,0.001179222719154873,2,1
JP225,BUY,Russian,1,97.51000000000204,0.7718911125384615,0.38594555626923077,0.0,11.315919887555799,1.3553326949885467,84.20876849616687,57.232682722478444,0.003960911970436355,0.0005909805930603955,0.001281957580734361,0.008558780819185374,0.0013117691744985887,2,1
JP225,BUY,Russian,1,65.01000000000204,0.2716186944314827,0.09053956481049423,0.4225179691156397,10.70823809995646,0.9280743690734844,82.83671360358353,55.22992124048889,0.00395654715579578,0.0002134715763019867,0.0008935621350145596,0.008121841269270846,0.0009369387287118165,3,1
JP225,BUY,Russian,1,145.01000000000204,1.00255567659092,0.37237782273377035,0.2864444790259772,11.468497798035852,2.2129465588524915,87.27694834618471,62.498127226552114,0.0044820807463595985,0.0015036912050584992,0.0023956738947279762,0.009686296049110718,0.0025270388667107753,3,1
JP225,BUY,Russian,0,-30.010000000002037,0.1314391076395135,0.1314391076395135,0.525756430558054,16.41267834265476,0.8170255296662216,38.04042868058007,54.593548750070894,0.0030609280736617725,0.00010263609302859097,0.0006191745574376534,0.001870470014734163,0.001327695894200012,15,1
JP225,BUY,Russian,0,-15.010000000002037,0.07102651119057092,0.0,0.35513255595285464,14.486378954344008,0.38176442522394954,35.19812472968383,51.72623233156351,0.0024938703153190023,-8.126732604202287e-05,0.0002712670501515509,0.001528008358238635,0.0010878144537521909,15,1
JP225,BUY,Russian,0,-70.01000000000204,0.655453383812687,0.0,0.2621813535250748,25.70422241634437,0.4061594140792888,76.28307555475037,56.04583258176311,0.006590948813815266,-0.00022729394655627915,0.0007509231552394044,0.0003707147279141508,0.0010664356275146623,22,2
JP225,BUY,Russian,0,-102.51000000000204,0.6097129492048456,0.4711418243855625,0.05542844992771324,21.900926119853153,1.4510408959321346,90.20638330172912,60.70300296472805,0.004267856565122932,0.0015028497205210496,0.0015706127876674912,0.00179040056633016,0.002577735472338965,23,2
JP225,BUY,Russian,0,-75.01000000000204,0.3927279659230913,0.05610399513187018,0.3927279659230913,21.332858091252294,0.7397488684098746,89.12021306589132,57.1457344986547,0.003881832652020212,0.0006524960375228245,0.000761217931240851,0.001068934597971949,0.0018878365614176994,23,2
JP225,BUY,Russian,0,-30.010000000002037,0.13415013926425118,0.06707506963212559,0.20122520889637677,21.141831925296366,0.6671142399098927,74.54334415786057,55.59059220574304,0.005337419255201298,1.877299553907837e-05,0.0008633877131583112,0.00151320199398491,0.00012196782647304693,1,3
JP225,BUY,Russian,0,-70.01000000000204,0.20699959221647538,0.022999954690719485,0.41399918443295075,18.751719146048185,0.4804837617912218,108.69586630136943,52.48968073378271,0.011400901557419468,-0.0005414794312952116,0.0013631957734683952,0.0003394258617333404,0.0006143231931994947,19,3
JP225,BUY,Russian,0,-100.01000000000204,0.1387187411144664,0.5086353840863767,0.2774374822289328,15.199096441827393,0.36466375378677085,108.13246919262674,54.49371283238211,0.005090387534619696,-8.096450273173456e-05,0.0007130996107981365,0.002105214827951189,0.0020570682525295424,19,3
JP225,BUY,Russian,0,-110.01000000000204,1.0487067129077274,0.13108833911346593,0.26217667822693186,14.515055907373753,1.6244103653587028,76.28443588215971,59.62363977191679,0.005310929032053389,0.0017189733882087318,0.0020545073076116225,0.0028475793909113686,0.002772023994453526,22,3
JP225,BUY,Russian,0,-70.01000000000204,0.2928690396508774,0.19524602643391825,0.42303305727348955,15.794415189297094,1.338395619690134,76.82614736887773,54.39597589212238,0.003879766906820244,0.0005811708944342785,0.0012544785503231706,0.010504670674046323,0.0024625904019121908,7,1
JP225,BUY,Russian,0,-70.01000000000204,0.6549769402773962,0.26199077611095845,0.0,15.547281741150938,0.27232278571869056,76.3385654139579,48.79562606347129,0.0038304181866940833,-0.0002971634525834575,0.0002517085605719531,0.009415597168177811,0.0014921290773924935,7,1
JP225,BUY,Russian,0,-157.51000000000204,0.29285145911910515,0.2510155363878044,0.7739645705290635,23.95272256613578,1.0625581807964526,119.51451464602472,55.20803133116933,0.007818526843702756,0.0008583440069979081,0.0019756845586470623,0.0029665644630782013,0.0023196758339690576,17,1
JP225,BUY,Russian,0,-130.01000000000204,0.22866459945687348,0.02078769085971577,0.8315076343886308,22.3150438841351,1.1668744622626763,120.26347788559438,56.46436163326198,0.008089748684724955,0.0009972498371176538,0.0022470775891693506,0.0032900355543894894,0.0026918147895714107,17,1
JP225,BUY,Russian,0,-75.01000000000204,0.49606096398379385,0.0,0.18038580508501595,18.26502426731069,0.21294858247616985,110.87346917665715,50.19703492644847,0.00813695431740616,-0.00046132272687698396,0.00041344198374760363,0.0016261169607114105,0.001200177150217856,17,1
JP225,BUY,Russian,0,-70.01000000000204,0.38407299163056635,0.048009123953820794,0.24004561976910396,15.410886406117136,0.2315170972582488,104.14687018262237,50.94258041374421,0.008180383287572085,-0.00020581353539708547,0.00045036659100189684,0.0017025706936540192,0.0014290782061983057,17,1
JP225,BUY,Russian,0,-82.51000000000204,0.756036812112405,0.20619185784883773,0.1718265482073648,30.15531331173067,0.28256107462053537,72.74778042398124,54.15768776642597,0.005520606038280514,-0.0005965859808367964,0.00038888269996851003,0.0029455673444615032,0.0011618115791014723,3,2
JP225,BUY,Russian,0,-52.51000000000204,0.2828147159512891,0.2121110369634668,0.24746287645737794,22.707909299743346,0.6506014518300509,70.71767794234839,57.928902722535675,0.003768617381464823,0.0004790898374395467,0.0005952159316994416,0.0037008091575466604,0.0018391226189420277,4,2
JP225,BUY,Russian,0,-50.01000000000204,0.4218037359433304,0.1054509339858326,0.527254669929163,11.99799245101293,0.939682671779197,47.415416924346566,52.30621663316774,0.002516696014579138,0.0002362473765480211,0.0005707678135342154,5.148169569841312e-05,-0.0012171513960418192,9,2
JP225,BUY,Russian,0,-122.51000000000204,0.4511989674809844,1.3535969024429533,0.6517318419169775,13.11625369842356,1.2333980814159182,49.867135391767604,55.78886578275154,0.002277483275742251,0.00025163204257833626,0.0007038897753430081,0.0005592089808641802,-0.0005845071214343928,10,2
JP225,BUY,Russian,0,-80.01000000000204,0.6163197917895912,0.4930558334316729,0.2054399305965304,18.245120211120405,1.2964797588874204,60.84503613150611,57.21205198048325,0.0033086190953151816,0.0005087305334181261,0.001043913687460717,0.001318691589180425,0.0004965055905015218,11,2
JP225,BUY,Russian,0,-82.51000000000204,0.45776218526822365,0.08322948823058612,0.8322948823058612,12.924689792090337,0.7727367659688257,60.074861762306774,54.14615861666244,0.004855203642477791,-8.454334260164671e-05,0.0009156942546785355,0.0014009536125536462,0.0008922259411205918,21,2
JP225,BUY,Russian,0,-35.01000000000204,0.2573613928142265,0.04289356546903775,0.30025495828326426,12.267696731645415,0.45536439762517167,58.283800207856295,51.74111138905879,0.00446452331271918,-0.000308325175848309,0.0005284760468971121,0.001099673265767916,0.000589346831895915,21,2
JP225,BUY,Russian,0,-35.01000000000204,0.2649209126350734,0.2649209126350734,0.0883069708783578,11.657631746946558,0.18696904161114794,56.62067162158085,50.03165709735605,0.004055177788355582,-0.00041862201033300036,0.00019866781799513224,0.000884903799422415,0.0003730448611868574,21,2
JP225,BUY,Russian,0,-47.51000000000204,0.7235478950725912,0.192946105352691,0.0,12.23898399895386,0.2674299201754769,51.827944294189045,52.93384269890371,0.0029204363323975103,-0.00014601352668920404,0.00019238987364163994,0.0015580263232420858,0.0010446257100853657,22,2
JP225,BUY,Russian,0,-45.01000000000204,0.5519418190525067,0.0,0.11038836381050135,14.910810442855942,0.2837533658145132,67.94194370771639,49.438087786945744,0.004534430221183959,-0.0003497417358578159,0.0003233649609856332,7.860613860197964e-05,-0.00013107278131058603,9,4
JP225,BUY,Russian,0,-37.51000000000204,0.11764999196066643,0.19608331993444406,0.27451664790822167,13.643998557528151,0.6090166235995843,63.748410645939124,52.3874771571295,0.004378732232074378,0.00014742618955089243,0.0006361634217977759,0.0007139791775267433,0.00039298263703777117,9,4
JP225,BUY,Russian,1,47.51000000000204,0.15977552207517592,0.03994388051879398,0.5592143272631157,13.07052814929075,0.7542281676274845,62.5878098855149,53.65333221901477,0.004441545323380615,0.00029303957063717053,0.0007967220834567862,0.000985279729871678,0.0006107574262813995,9,4
JP225,BUY,Russian,1,60.01000000000204,0.3605597830687186,0.20031099059373256,0.4006219811874651,12.935399984168797,0.8938996616467647,62.40296632226383,54.94338082340745,0.004490659544609013,0.00040949698960946043,0.0009635246361862364,0.001252222196792486,0.0008256826117843617,9,4
JP225,BUY,Russian,0,-95.01000000000204,0.6958178895266123,0.3618253025538384,0.0,15.159025107967656,1.2915865298011155,89.82235286091998,55.81053980551428,0.004287489427097317,0.0010997457433289074,0.0014401007015109961,0.0026932888840006854,0.0019022890374920944,10,4
JP225,BUY,Russian,1,95.01000000000204,0.027718587874987575,0.3049044666248633,0.7206832847496769,14.198126555802329,1.204635722261714,90.1921847994257,55.81053980551428,0.004301400416120482,0.0008796031267041927,0.0012752482589548485,0.002719969937361578,0.0018788989053237582,10,4
JP225,BUY,Russian,1,90.01000000000204,0.13861403679272874,0.5267333398123693,0.332673688302549,13.218722574495436,0.7919155855846592,90.17845731375245,54.25014823168874,0.004201761052396146,0.0004236937589822372,0.0008229928689480514,0.0024057340403068283,0.001505594579436732,10,4
JP225,BUY,Russian,0,-137.51000000000204,1.0049769604197538,0.0279160266783265,0.5024884802098769,13.097312141683805,0.7040332597438792,89.55429183412248,54.70149115442811,0.006747574556674153,-0.00016649400265123795,0.0011304667843500963,0.003567332925791314,0.0024072770927424385,11,4
JP225,BUY,Russian,0,-172.51000000000204,1.6432433679455365,0.29578380623019657,0.3286486735891073,30.71435426004307,0.5713578068861335,76.06907317464554,50.8670770695768,0.005419132040192905,-0.00034616235523470446,0.000739017846290185,0.0024923343266450284,0.002429743144210616,16,1
JP225,BUY,Russian,0,-80.01000000000204,0.07169068665939464,0.5735254932751571,0.5018348066157625,14.249093034316926,0.5026350233867402,69.74406625166255,52.19392042532432,0.006626551715857446,-0.00016378705703852506,0.0007954427618553443,0.0035696933232586344,0.0006279854711246354,2,2
JP225,BUY,Russian,0,-125.01000000000204,0.4410312775303392,1.22131738393017,0.033925482886949174,13.761397443738472,0.09007325720138938,73.69091866225808,47.92499080952041,0.006548409075849645,-0.0006217005884551122,0.0001419631555340764,0.0029161430012007543,-2.8312084168204398e-05,3,2
JP225,BUY,Russian,1,57.51000000000204,0.36703911634714426,0.2002031543711696,0.2002031543711696,12.25036482167088,0.5965962700868361,74.92389441672097,55.10115004241098,0.006359707893380452,0.0005475835350456321,0.000914194070176556,0.003774339145635296,0.001001573336255698,3,2
JP225,BUY,Russian,0,-85.01000000000204,1.1520329029795744,0.15709539586085106,0.4712861875825532,25.532513322921975,0.5677658377855488,47.741691975767424,50.654420947871856,0.004095810184152802,8.595456377590142e-05,0.0005598853308219994,0.0003196047243166946,0.00046590043021135856,15,2
JP225,BUY,Russian,0,-85.01000000000204,0.4120185695269487,1.6480742781077948,0.27467904635129914,18.512408596827,1.936773050818989,36.40612610548589,59.60818111537952,0.0011059444913358051,0.0004108592020278527,0.0005291589188376045,0.0028968155130664826,0.00016777828970011117,1,3
JP225,BUY,Russian,0,-45.01000000000204,0.48038305300999745,0.34313075214999816,0.4117569025799978,21.214015378253873,2.163155693897418,36.429261795036304,61.711480041921796,0.001350175741625014,0.0004435746964642806,0.0006964630520094291,0.003051845505272072,0.00027693678639741434,1,3
JP225,BUY,Russian,0,-65.01000000000204,0.2229667710196144,0.03716112850326907,0.7060614415621123,23.1247243027071,0.9090436783690679,67.2745985036508,57.1948615467268,0.004923633491930347,8.390234195044884e-05,0.0010757889153192996,0.002771300373265709,0.001201642706157176,3,3
JP225,BUY,Russian,0,-35.01000000000204,0.37038335076210305,0.14815334030484123,0.0,14.088237982263356,0.1908351413202954,67.49763440651381,53.32217010691749,0.0025963854807493966,0.00018872504597618441,0.0001178255115798214,0.002340583075393758,0.0008897741358513359,4,3
JP225,BUY,Russian,0,-62.51000000000204,0.9235128237751602,0.0,0.0,13.921118943603577,1.8678064529051284,67.67637480604854,60.32629302688585,0.00285512501371223,0.0011231040776887864,0.001269126815946823,0.003526318360404632,0.002093335604376559,4,3
JP225,BUY,Russian,0,-80.01000000000204,0.7419526847376277,0.5564645135532207,0.1854881711844069,16.040033862610485,0.6202452451823558,53.91179359927104,54.14990049976824,0.0027885275546174577,0.00015322867588974046,0.0004131504123654747,0.0027406659235145836,0.0015792409378573647,6,3
JP225,BUY,Russian,0,-20.010000000002037,0.09953186388018975,0.09953186388018975,0.1990637277603795,16.236778206969014,0.4590072404793499,50.235168970800025,53.439928086349234,0.002790719589459818,4.255234542497494e-05,0.0003077913348269219,0.002604415757125269,0.0014627782032519763,6,3
JP225,BUY,Russian,0,-30.010000000002037,0.1352243344304645,0.1352243344304645,0.540897337721858,12.476950360090044,0.8824006925218021,36.9755933431576,52.846131989583206,0.0026882522949169636,0.00011386470516281865,0.000564672359722355,0.000424274361788346,0.00039253840070554893,9,3
JP225,BUY,Russian,0,-25.010000000002037,0.43482278093235527,0.07247046348872588,0.21741139046617763,11.422585294049872,0.4416461083368356,34.49681262751854,50.32021012756178,0.0023965913660006456,-0.000100793893095084,0.00028748992751116074,0.000139772553584136,0.00017342779149041247,9,3
JP225,BUY,Russian,0,-37.51000000000204,0.7618600644091031,0.11720924067832356,0.0,13.844522729799584,0.1823537505065067,42.65875259547424,52.24386852994275,0.002208102822811855,0.00019951617838989712,9.756278591223325e-05,0.0032480789565814214,8.87695578356282e-05,1,0
JP225,BUY,Russian,0,-77.51000000000204,0.6307664188981459,0.445246883928103,0.07420781398801717,20.778182711939696,0.5728465487334877,67.3783491426844,57.403700175942056,0.005570217882569798,0.00019392141280437337,0.0008872236968211087,0.005246671589964216,0.0022036689776699894,4,2
JP225,BUY,Russian,1,155.01000000000204,1.4412586883698912,0.0,0.0,17.63763319282567,2.3365274734362305,107.54488507216554,63.04876259094813,0.005760003653031107,0.00270966083694841,0.0032029228743707715,0.0006728690899467168,0.0007621731531708996,18,0
JP225,BUY,Russian,1,50.01000000000204,0.12319278954982775,0.18478918432474165,0.3079819738745694,18.021908503172458,0.37780565471891747,81.17358196483815,55.541358528015884,0.0069858612818514566,-6.28663462112462e-05,0.0006279521341502255,0.0004334815700074108,0.0004641009046433453,19,0
JP225,BUY,Russian,0,-62.51000000000204,0.594941707792169,0.06262544292549148,0.12525088585098296,17.539869166203054,0.7882313906802904,79.83975468163543,58.60607660136972,0.007032035389247368,0.0005738404639438654,0.0013301626112225166,0.0012690711994917721,0.0012425781912262313,19,0
JP225,BUY,Russian,0,-40.01000000000204,0.2453381237269533,0.07009660677912952,0.2453381237269533,16.66741056181182,0.5897845197060974,71.33012894268506,57.67875087488666,0.003925877161634209,0.0002593288395448462,0.0007925772956672651,0.0016271919698705552,0.0014006054640845725,20,0
JP225,BUY,Russian,0,-215.01000000000204,1.4255224800951216,0.6618497229013065,0.10182303429250869,28.04048166764755,0.4131057411353384,98.2096052183324,49.86876801461047,0.0065767840373022425,-0.0006720600640777829,0.0006480771161302097,0.0011611367752092045,-0.0009681535879738792,2,1
JP225,BUY,Russian,0,-97.51000000000204,0.05093780620497079,0.7895359961770473,0.15281341861491238,28.064470517501373,0.4027398194971318,98.15891913130865,50.0711649240846,0.006557410647974141,-0.0005030094711215772,0.0006324115864486646,0.001240586608893002,-0.0008428238597113316,2,1
JP225,BUY,Russian,0,-195.01000000000204,1.3827908250976713,0.0,0.32923591073754077,17.491751171793677,2.7055311735837435,113.9000904123552,63.55586770462785,0.0056439904894656796,0.0030032348048849846,0.0036604151009030257,0.0112599399189667,0.0036996650993377715,2,3
JP225,BUY,Russian,0,-110.01000000000204,0.19177078235665487,0.19177078235665487,0.4602498776559717,14.90258296423904,0.7759392921173213,130.363967298757,55.29017463100504,0.01006330758143513,0.00040832799045866224,0.0018582005316127809,0.00933760735766361,0.001798266069660615,3,3
JP225,BUY,Russian,1,157.51000000000204,0.5629784355248442,0.2971275076381122,0.1251063190055209,18.286338834038002,1.0342923644632038,159.8640273247701,60.72580736069218,0.007989595399825425,0.0023917419953819008,0.0021238583806554635,0.002407454308416355,0.002991425938451225,3,4
JP225,BUY,Russian,0,-60.01000000000204,0.378365134542986,0.022256772620175645,0.13354063572105387,12.971167152207434,0.4205343129776077,112.32536013481862,48.645745857027,0.005533058710079557,0.0003744328193006642,0.0006389028773606095,0.0030542739297499846,-0.0010595523490633616,13,4
JP225,BUY,Russian,1,75.01000000000204,0.5345396023197746,0.06972255682431844,0.09296340909909125,48.53468670933328,0.13456483821272155,107.56920488297534,55.122620824669355,0.009395362435637643,-0.0013171197633133958,0.00033546967491249077,0.02508955074105496,-0.0015677369935764582,1,1
JP225,BUY,Russian,0,-150.01000000000204,1.218647501515808,0.13540527794620089,0.0,47.85690813314188,1.0763511704620865,110.77854739133424,61.262332894707164,0.008749292868054892,0.0009537443787643059,0.002477299514309346,0.02742069383563244,0.00092071915070223,2,1
JP225,BUY,Russian,0,-50.01000000000204,0.09104973815412096,0.0,0.36419895261648383,47.22754231239272,0.6295292140269058,109.83007972052465,58.29525258375289,0.008508100148892677,6.960174542197915e-05,0.001322858310404139,0.026302659700571367,7.124592955232132e-05,2,1
JP225,BUY,Russian,0,-45.01000000000204,0.227121663019257,0.0,0.227121663019257,46.25542935160545,0.4410609832513459,99.06584735641131,57.743500288724185,0.007605872723053249,-2.420911009270633e-05,0.0008495847390478356,0.025709068823211063,0.00012217084697141044,2,1
JP225,BUY,Russian,1,140.01000000000204,0.0,0.3990732439179706,0.4604691275976584,22.740761997344375,0.80238272670129,162.8773689808198,51.470811315047214,0.010609625612408219,8.971356275844806e-05,0.0020492101529640994,0.014813854784957777,0.001760570068217086,4,1
JP225,BUY,Russian,0,-122.51000000000204,0.6961486275954455,0.03395846963880222,0.10187540891640665,18.196628263511784,0.20433112935916922,147.23867280187483,49.23374599438331,0.010518692288175608,-0.0011193629603061023,0.0005224999039824572,0.013739818288780814,0.001195970731751465,5,1
JP225,BUY,Russian,0,-70.01000000000204,0.6061491931820572,0.11020894421491949,0.055104472107459744,15.216411014500288,0.2762060354718706,90.73673712451965,51.62205446455257,0.00801006259971608,-0.0005933438823026048,0.000528252306825114,0.001986279626510949,-0.001540056182670697,9,1
JP225,BUY,Russian,0,-145.01000000000204,1.1457807178404138,0.0,0.21044951960334132,30.031290942015776,0.39922225968204944,106.9140002904657,57.7648105705813,0.007433555638371604,-0.00033301705287336764,0.0007963366379610572,0.0058566838101006,0.0020839061875753255,4,2
JP225,BUY,Russian,1,65.01000000000204,0.19245547011598035,0.12028466882248773,0.3127401389384681,29.318419532105185,0.5330076772876947,103.920143126861,58.95486351449395,0.005670633197479526,5.8640165013873084e-05,0.0009489061913146706,0.006217379660834058,0.002420692961915678,4,2
JP225,BUY,Russian,1,82.51000000000204,0.29299698270994695,0.24416415225828914,0.268580567484118,29.05505932391979,0.8232036133546784,102.39013290351379,60.42268429204729,0.005669992852981246,0.00044414602327354246,0.0011292930300395559,0.006680315622211483,0.0028492533616543162,4,2
JP225,BUY,Russian,1,55.01000000000204,0.11129039138345902,0.19475818492105326,0.30604857630451227,27.33145049914889,0.5709926557516583,89.85501691286433,58.04905625911254,0.005586144040950385,3.701643452526195e-05,0.0007935729212996244,0.006403901939129145,0.002428054837377158,5,2
JP225,BUY,Russian,1,132.51000000000204,0.06000333222927184,0.1600088859447249,0.8400466512098057,36.07059347274985,0.6733492347407084,124.9930582412092,60.130433767006224,0.015443686233448401,-0.000366808085858353,0.0025178529340962137,0.004213860600213536,0.0011268570104511018,3,0
JP225,BUY,Russian,0,-147.51000000000204,0.5707085677977349,0.5095612212479776,0.12229469309951464,34.87930706458804,0.25295595068376836,122.65454550668096,56.14112383845091,0.013046655978016441,-0.0006294549412453012,0.0008657462744872174,0.004304445379027248,0.0007820832953950822,4,0
JP225,BUY,Russian,0,-72.51000000000204,0.020995686332270055,0.5248921583067514,0.06298705899681017,34.638071229927654,0.20934895578791804,119.07207797048946,56.55074784383802,0.011255200801523282,-0.00039188842635072313,0.0006501887042900048,0.0044102658788020945,0.0008585859283707626,4,0
JP225,BUY,Russian,0,-115.01000000000204,0.9111888268830127,0.1627122905148237,0.4230519553385416,33.36614503828962,0.8519492454329902,76.82271548418282,60.747197876076925,0.009200820044701791,0.0006635793810102529,0.0021486367086921325,0.003074743781567,0.0027427616058431086,7,0
JP225,BUY,Russian,1,105.01000000000204,0.35757495192248523,0.0,0.7151499038449705,12.119112787351192,2.1632957968497326,97.88157646900073,57.51887922916561,0.004343842748266547,0.0018520476967112342,0.0022385382635305563,0.003738065211198706,0.001924035013688005,13,0
JP225,BUY,Russian,0,-135.01000000000204,1.223475641604822,0.5646810653560718,0.752908087141429,21.12111448199036,0.9820664680226814,53.1273347745118,52.391942079155186,0.0038031997761719845,1.385714235435687e-05,0.0009035229508996289,0.003974041239372873,0.0001713877835340749,2,1
JP225,BUY,Russian,0,-7.510000000002037,0.17633040782500253,0.0,0.0,14.998505116616915,0.11009561169786773,42.53378695433691,50.12468486055709,0.004609422991452883,-0.0006807579845848887,0.00012360194570655594,0.00470457910757478,-4.598158639783747e-05,1,2
JP225,BUY,Russian,0,-75.01000000000204,0.252837856903093,0.6004899101448459,0.09481419633865987,16.609611790115668,0.2578871387759565,79.10207848212202,50.86395371375465,0.004303854983735153,-0.00027372679226218415,0.000269294186243243,0.003589341549166019,-0.00014359744475442982,3,2
JP225,BUY,Russian,1,87.51000000000204,1.0493788678334481,0.0,0.03086408434804259,29.661968952968063,0.07613761585663399,81.0002970380863,51.99090946743649,0.010580072711386243,-0.001237837228591883,0.00019190988358494125,0.006082981853638641,0.0012740945916745875,4,2
JP225,BUY,Russian,1,90.01000000000204,1.0717374116283578,0.0,0.030621068903667364,28.543206923115196,0.676023302716709,81.64313296393729,57.65588353366857,0.01019565835191749,0.00032676241738149154,0.0017204402139437594,0.007659379730019778,0.0028732527619252314,4,2
JP225,BUY,Russian,0,-30.010000000002037,0.1646620896588721,0.24699313448830817,0.08233104482943605,25.35276142176446,0.6150981101060122,60.73043297772331,49.9793876398483,0.0032577795882036266,0.0006666067117148916,0.00048408746330765305,0.0032226309715445442,0.0006776394744082168,13,2
JP225,BUY,Russian,0,-40.01000000000204,0.5281050481854722,0.0,0.07544357831221032,27.503225541934405,0.48750082211084844,66.2746931131548,58.612413906839265,0.003842230109459839,-0.00023272523866737775,0.00046455553911898677,0.009240256992662973,-0.0005089396110349862,1,4
JP225,BUY,Russian,0,-0.010000000002037268,0.0,0.0,0.0,27.11492301657521,0.3709026340979412,61.719357890786604,58.32184742357016,0.0036453734146732223,-0.0002237548052750192,0.00034004928052249226,0.00921518948558958,-0.0005525324421319487,1,4
JP225,BUY,Russian,0,-82.51000000000204,1.3323060914354734,0.0859552317055144,0.0,25.25750073531472,1.757130604827355,58.16981585402704,62.40672278918786,0.003462194114406426,0.001070363077152965,0.0015646823201369785,0.011303214433226658,0.0013020308250809725,2,4
JP225,BUY,Russian,0,-90.01000000000204,0.6956090997671696,0.1391218199534339,0.1669461839441207,21.715712669727576,0.8030492848468912,89.8493133872453,56.92177119528777,0.009501802858867207,0.0002145915584864482,0.001924131761435808,0.01251194873173969,0.0024902287062908224,5,4
JP225,BUY,Russian,1,25.010000000002037,0.07163679887626259,0.17909199719065647,0.10745519831439387,17.89071635663119,0.4292210051616626,69.79653025306787,57.299242208698736,0.005403819982684295,0.0001965951326046792,0.0005928022203999513,0.012248224020645694,0.0024843198498750983,5,4
JP225,BUY,Russian,0,-47.51000000000204,0.0,0.07264219101476005,0.6174586236254603,23.62346991729268,0.4200891023752606,68.83052300809675,54.98087819943761,0.009154988342565404,-0.00037118609901434254,0.0010423226005018226,0.006866993000383274,0.002209429325305985,11,4
JP225,BUY,Russian,0,-77.51000000000204,0.32397514862732685,0.39596962610006614,0.39596962610006614,22.296954287741983,0.2369482013983504,69.44977136466126,53.45489982156894,0.007919695270159637,-0.0004838267690317508,0.0005165562190799031,0.0065589426111315845,0.0019352255670454803,11,4
JP225,BUY,Russian,0,-197.51000000000204,1.424481122165338,0.0,0.0,31.974400638678116,0.011989438017247663,138.64697602996833,49.85573427595002,0.012970226181265188,-0.0021234773250476437,3.843736049202058e-05,0.004600956021996228,0.004287418700141015,18,1
JP225,BUY,Russian,1,17.510000000002037,0.1543078296371003,0.0,0.061723131854840116,44.86009370765725,0.5225721078746639,81.00690696899427,61.11026105726259,0.003927558180814246,0.0004176729564505545,0.0006855008535459403,0.012938639626709205,0.0006081782980072667,2,2
JP225,BUY,Russian,0,-67.51000000000204,0.36834677003322125,0.36834677003322125,0.16743035001510057,45.18133539924933,0.3636680651005662,74.65790998389852,58.234144235982434,0.0027203219276414428,-9.741126548165198e-05,0.00027577171011824335,0.012196453171571999,8.853309875305918e-05,2,2
JP225,BUY,Russian,1,87.51000000000204,0.3493684813453086,0.4367106016816358,0.23291232089687242,41.51662307999526,1.634074586005971,85.86922290322067,59.568092101597685,0.002503696231885478,0.0006936345718950868,0.0009875474149825827,0.012734902921274839,0.0009519626876849234,2,2
JP225,BUY,Russian,0,-105.01000000000204,0.5942621219578046,0.1434425811622287,0.12295078385333888,44.99302172516203,0.23123500449351636,122.00003554180397,54.89093387703991,0.014802845707325782,-0.0012878582816628049,0.0008666585796264585,0.01667301616373234,0.0006589035200093336,4,2
JP225,BUY,Russian,0,-65.01000000000204,0.35151390706487484,0.15977904866585219,0.31955809733170437,15.372438389736653,1.5970126231539814,78.23303558491826,57.795083863534295,0.0034595104912770575,0.0010744229850909173,0.00139336836759097,0.01081843973102137,0.0025140914925546264,10,2
JP225,BUY,Russian,0,-165.01000000000204,0.683369127114416,0.44218002342697504,0.20099091973953412,13.147255084790865,0.3817261048276085,124.38372854056152,51.07806634147361,0.006277673912157151,0.00046828357881585424,0.0005928992929401864,0.001997264778563688,0.0006958211330828926,17,2
JP225,BUY,Russian,0,-160.01000000000204,0.8272422832041079,0.3545324070874748,0.07878497935277218,12.666208887938609,1.5240789999814468,126.9277479305214,57.305942811934834,0.006563979189714629,0.002008754054000428,0.0024197433932468407,0.003981796523340888,0.0027100279348447093,17,2
JP225,BUY,Russian,0,-115.01000000000204,0.6851015539213977,0.19574330112039934,0.2446791264004992,14.672217875130805,1.3426857632387996,102.17463323405505,57.768486548293204,0.006894433501470883,0.0009091316929899533,0.0022285414342816867,0.002127367311853406,0.0020001287997902756,20,2
JP225,BUY,Russian,0,-85.01000000000204,0.552229626866699,0.34185643567938506,0.0,15.898537928808741,1.3947168438243258,95.06914777079285,58.261801790372154,0.003301293232794902,0.0008169795996158404,0.0012522415123070298,0.0031253084185938317,0.0029606018379887047,21,2
JP225,BUY,Russian,0,-52.51000000000204,0.10866199724005621,0.24448949379012647,0.21732399448011241,16.480414262770346,1.086062373495027,92.02849435859336,56.911568548155344,0.0033890623108701334,0.0004680922822106043,0.0008788742255371194,0.0028729402115260354,0.0027195905867709452,21,2
JP225,BUY,Russian,0,-125.01000000000204,1.1124316691565437,0.15169522761225596,0.0,18.456632265926444,0.05839156809524634,98.88247795336774,51.1525611976455,0.01060604533205457,-0.0010980222250845126,0.00015892455120499437,0.001356797349894352,-0.0003841941924514589,4,3
JP225,BUY,Russian,0,-85.01000000000204,0.5286948834901293,0.0755278404985899,0.251759468328633,15.579660694577809,0.9100046953291202,99.30113121849452,59.60338669198896,0.005298396901644156,0.0009293045005012331,0.001483963597001425,0.003654226282157369,0.0018574048893113047,4,3
JP225,BUY,Russian,0,-90.01000000000204,0.41974840648339584,0.22092021393862937,0.15464414975704058,16.937498061641246,0.6366131758029815,113.1630263899024,54.56276491190155,0.011257678305708098,0.00013312517320985143,0.0017715265049117795,0.0029794000334023778,0.0009376268769115423,11,1
JP225,BUY,Russian,0,-95.01000000000204,0.47229887986184144,0.2249042285056388,0.15743295995394715,16.492608031380282,0.1499291894672392,111.15842581578319,50.90353343978198,0.010954095444836635,-0.0006927278352302308,0.0003940288588589807,0.0020516763421489764,-5.214527993254769e-05,11,1
JP225,BUY,Russian,0,-77.51000000000204,0.2304845828615556,0.3457268742923334,0.13829074971693336,14.540495936358344,0.34552800490459634,108.46712474047197,54.667290184253524,0.005378297249861749,0.0005069143795328875,0.0005533464401579807,0.0033769968973992584,0.0011966705173045754,12,1
JP225,BUY,Russian,0,-47.51000000000204,0.16808767972512179,0.26413778242519137,0.024012525675017396,14.983553367170922,0.4662090448154614,104.11233011615255,55.65795283305646,0.004466581254630426,0.0006387965546842434,0.0005995044528598779,0.003693614031512717,0.0014806756878586887,12,1
JP225,BUY,Russian,0,-75.01000000000204,0.22844479997805314,0.48227235550922326,0.05076551110623403,11.725227790396435,0.6702985972589163,98.49206461325271,52.86162995702084,0.00308877314352878,0.0002233225063605623,0.0005069438811734451,0.0037157244126249725,0.0012643427729352136,13,1
JP225,BUY,Russian,0,-262.51000000000204,1.7972387623432031,0.0,0.14822587730665593,26.98494008712645,0.19197844574071474,134.9292064476917,50.47811274365902,0.015526461965215774,-0.0019453202533040142,0.0007229714690973537,0.005435870871539579,0.003172173511611552,15,1
JP225,BUY,Russian,0,-60.01000000000204,0.5861085333634513,0.08372979048049303,0.0,20.90592179423747,0.24674734332827455,89.57385366618485,52.201063708816726,0.007761666317678904,-0.0007796471242196471,0.0004736436565159285,0.014516490905448223,0.002160160023135607,5,2
JP225,BUY,Russian,0,-52.51000000000204,0.14380093508113884,0.31636205717850546,0.14380093508113884,20.440190337369124,0.2803579746601146,86.92572126145735,52.96079978102671,0.007772103831507364,-0.00047311497071330884,0.0005184643049579275,0.01454168720347507,0.0023221653759528714,5,2
JP225,BUY,Russian,1,42.51000000000204,0.08954961331067583,0.2686488399320275,0.14924935551779306,20.007725413134228,0.1383731570531792,83.75245545706754,51.85137093165307,0.007174763113373891,-0.0005669179406820883,0.00025585861005413853,0.014149402146030284,0.002066432861358216,5,2
JP225,BUY,Russian,1,62.51000000000204,1.144276322619941,0.22885526452398822,0.057213816130997054,12.64151520734986,1.196029708436211,43.695739404551986,56.95583907009392,0.0034072622964532724,0.00046516445588156157,0.000997161780082896,0.00294019566852579,0.0005962344287170606,1,3
JP225,BUY,Russian,0,-185.01000000000204,0.8063520817826291,0.0,1.0583371073397008,17.971934323597765,1.2221230058718195,99.21224463529798,57.13079705721991,0.00715298805629228,0.001153981990407146,0.0020791011465204996,0.009231008664995866,0.0013088492341902036,3,4
JP225,BUY,Russian,0,-47.51000000000204,0.5706885650781477,0.0,0.26339472234376043,15.377123293291815,1.1924558629792514,56.94874926318103,54.86771680712438,0.004027483518804825,0.0004184896127068435,0.0011512962424193652,0.0027187382178090005,-0.0009645641851124057,7,4
JP225,BUY,Russian,1,32.51000000000204,0.44313774519120863,0.13294132355736257,0.0,10.426778984579128,0.952962326139332,56.41586678474613,54.763270506728674,0.0032172927350485065,0.0006035917213919075,0.0007468901311698848,0.0021120416188372287,-0.0006227470310641514,8,4
JP225,BUY,Russian,1,40.01000000000204,0.29751568971128295,0.04958594828521382,0.4462735345669244,11.184012919344793,0.6652089441557618,50.41750912214544,54.31212315885961,0.0035041155917651962,6.92763248669989e-05,0.0005605183752856281,0.001882238978497109,-0.00042416531646580685,8,4
JP225,BUY,Russian,0,-87.51000000000204,0.4228412950980181,0.0,0.9225628256684032,35.5726373472127,0.6099398406144919,65.03622119884311,58.47873250357653,0.008241910035168738,-8.340618850487026e-05,0.0012405594656268288,0.0022349199464750404,0.0017800053885372632,15,4
JP225,BUY,Russian,0,-90.01000000000204,0.8735674726071609,0.49375552799535183,0.0,35.53634974088731,0.011983621436558902,65.82204787043104,51.81949397941752,0.0071300928933234285,-0.0007823914172103584,2.238550167354869e-05,0.0013461588249000806,0.0008522904147008259,15,4
JP225,BUY,Russian,0,-70.01000000000204,0.584788427366937,0.14619710684173426,0.2923942136834685,23.776907896524506,0.46496284455575654,68.40080639096028,53.79114195476922,0.006380191065161549,-0.0005225646305895696,0.0007399031356030843,0.0010195567836357453,0.0022739915836937088,19,0
JP225,BUY,Russian,0,-52.51000000000204,0.029616505718252348,0.38501457433728054,0.20731554002776642,21.019610621639625,0.34433527651101986,84.41238894902027,54.72762316772737,0.00556395360045403,0.0006597440571705446,0.00045613322491251375,0.001032407547415581,0.0024243799615103483,20,0
JP225,BUY,Russian,0,-145.01000000000204,0.09083720712912136,0.2926976674160577,0.20186046028693633,70.3102284838884,0.4242045784030195,247.69585846047838,65.54807177246423,0.017143054034197434,4.149449071100604e-05,0.0022092896141519885,0.042051859744985196,0.003813863085085112,3,2
JP225,BUY,Russian,1,112.51000000000204,0.34317616890865266,0.11439205630288422,0.18588709149218685,41.93240975285667,1.1993620495595425,174.83731516325344,61.571856148722446,0.008302788939480752,0.00196201551049593,0.002550202329391521,0.03928065444940418,0.004097432212483338,4,2
JP225,BUY,Russian,0,-77.51000000000204,0.46244386493312645,0.0770739774888544,0.057805483116640806,38.445474086636914,0.13427823812775294,129.74547734280472,54.16896958788114,0.009477296952659298,-0.0011431826518637244,0.00032278845187288206,0.03722632803212953,0.003306158301940565,5,2
JP225,BUY,Russian,0,-102.51000000000204,1.5073768429742636,0.08147982934996019,0.08147982934996019,19.21153154959459,2.51160586492771,61.36488060774814,66.58593993975504,0.003323293067915487,0.0018463955807838058,0.001985186546491767,0.00012240349365928358,0.0019115116743098407,16,3
JP225,BUY,Russian,0,-170.01000000000204,0.45506240811390103,0.5621359159054071,0.8030513084362959,26.223791855444496,1.571837906275972,93.39378345082363,55.48080649041487,0.003932269780105705,0.0008296998186917844,0.001480549293138543,0.006537942338709552,0.0010323659233368724,3,4
JP225,BUY,Russian,0,-112.51000000000204,0.0791485613944478,0.5540399297611347,0.5540399297611347,25.815327772215465,1.3739114448474505,94.75851320433624,54.98907154161251,0.004104060788353764,0.0005929548354376537,0.0013499176735543733,0.006410654481496943,0.0008015189125649026,3,4
JP225,BUY,Russian,1,125.01000000000204,0.07379603272700111,0.24598677575667036,0.9101510702996802,28.3313475702774,0.8921687535809013,101.6314796724274,58.79759818195955,0.009226467809851216,0.00026088129510321007,0.0019985887063573584,0.008505452958258199,0.0016022246544801799,4,4
JP225,BUY,Russian,1,65.01000000000204,0.5965332037263941,0.0,0.437457682732689,15.407937184192132,1.5658977358547073,62.863223313885726,56.44234010938281,0.0032361358942086,0.0006462504163763736,0.0012752566573577266,0.006959903246297806,0.0016442888565695775,6,4
JP225,BUY,Russian,1,85.01000000000204,0.27114096299186713,0.27114096299186713,0.610067166731701,21.306982430488972,0.7776273651615028,73.76236987326736,54.153240813381004,0.005780166230834815,0.0007209858772368665,0.0010707361131833623,0.002669469670568187,0.0013968619261996158,12,4
JP225,BUY,Russian,1,27.510000000002037,0.5425272681018977,0.07750389544312825,0.23251168632938474,48.71809629906455,0.2648800990474924,32.256443185291,61.376283698026434,0.0020152211377764523,-0.00014228961460021637,0.0001393847289406345,0.013242035225188811,-0.00042434107701435795,1,1
JP225,BUY,Russian,1,17.510000000002037,0.16024402457871148,0.4006100614467787,0.0,47.329874995185826,0.18027074687024572,31.20241152919878,61.376283698026434,0.0019386789706119323,-0.00011383493118592087,8.645823699967877e-05,0.01313750322036388,-0.00040703399201015843,1,1
JP225,BUY,Russian,0,-45.01000000000204,1.390325344223959,0.0,0.0,46.75838336856451,1.6855859394380384,32.36652499139887,68.82671077646363,0.001997992121449245,0.0005679365896221367,0.0008389136939948328,0.013861668701066535,0.00040493629296952055,1,1
JP225,BUY,Russian,0,-45.01000000000204,0.23473268577337855,0.3129769143645047,0.860686514502388,44.53352026075573,1.349094250090466,31.95123838544086,66.74425798320055,0.001992747482447854,0.00036342086936143965,0.0006731136680752488,0.013597936598647541,0.0003251453393189162,2,1
JP225,BUY,Russian,0,-37.51000000000204,0.5357157145796594,0.0,0.6122465309481822,39.95258796366476,0.6749055546841389,32.666579537863825,61.76364022358736,0.0021856782843361648,-1.1490915045271222e-05,0.00036640021662646196,0.01311894290667021,9.537033017220132e-05,2,1
JP225,BUY,Russian,0,-67.51000000000204,0.4458503217674608,0.12738580621927453,0.28661806399336764,23.538079607025338,0.6055923758299696,78.50168159854938,58.81014173959586,0.0034319762149966453,0.00018332096177012063,0.0006706583538713789,0.0134937342406696,0.0026614558841075646,4,1
JP225,BUY,Russian,0,-20.010000000002037,0.26494740494206503,0.4415790082367751,0.0,17.89203255555729,0.37497857183728794,28.307505037235575,53.69176978057191,0.0012999190533120647,-1.7369842892030965e-05,0.0001271393326707725,0.007832145681166634,3.112465071188771e-05,1,2
JP225,BUY,Russian,0,-20.010000000002037,0.5412405094295006,0.0,0.18041350314316687,16.84259332612158,1.2877239320889613,27.714111820290178,57.524086209824326,0.0013515495367502613,0.0002584200186523556,0.00041565367059817545,0.008092307419865484,0.0003434231914397904,1,2
JP225,BUY,Russian,1,57.51000000000204,0.4306480845387832,0.19139914868390367,0.47849787170975916,13.93087406902094,1.2661346495501498,52.246836356179585,57.53855063320144,0.003049908275510176,0.0005055760934348702,0.0009192140969495887,0.0004815188106630662,0.0005603258514061745,18,2
JP225,BUY,Russian,1,22.510000000002037,0.3258551409500873,0.05430919015834788,0.10861838031669575,19.507777752908343,0.30555107091322087,46.0327247140091,53.33743631805306,0.002127275333392641,-0.00016714395928259666,0.0001775982731472354,0.0006523401168413882,0.00044783276397281183,18,2
JP225,BUY,Russian,0,-50.01000000000204,0.9176074541055451,0.05397690906503207,0.10795381813006413,19.899117236695464,1.5616180501167276,46.3161015201513,59.4622733772048,0.002266086047711556,0.00048332075288490484,0.0008429919734018757,0.0014518290000206265,0.0012171183019854647,19,2
JP225,BUY,Russian,0,-15.010000000002037,0.378692136666965,0.0,0.1893460683334825,30.611054921005618,0.30627760298986045,26.40667452990804,53.86123834666481,0.0017418398441499978,-0.00012687859648396438,0.00013781402848006061,0.003868765381687317,-1.9163731602608484e-05,2,3
JP225,BUY,Russian,0,-15.010000000002037,0.39074845111974943,0.19537422555987471,0.0,29.283677501097834,0.5176760431057043,25.59191206348604,55.36322308946997,0.0016052377443820322,1.0004996815398348e-06,0.0002158728762794726,0.003960033867269024,0.00010604397414072505,2,3
JP225,BUY,Russian,1,172.51000000000204,1.4997516081783433,1.3963204627867336,0.6723024450454643,26.626682538993865,3.1928452669024896,48.34133839540357,70.12800411199225,0.002220145979880242,0.0013314893980969798,0.0018279761324145347,0.0056907820527049,0.001188329912658609,3,3
JP225,BUY,Russian,0,-45.01000000000204,0.5930866092576189,0.3558519655545714,0.11861732185152378,14.677622502803356,0.19614285724610944,42.15235955384849,46.85469611783034,0.0029234539771283725,-0.0003757484195419752,0.0001545406660837171,0.005261192472738833,0.000714340072594822,13,3
JP225,BUY,Russian,0,-62.51000000000204,0.25814053829632233,0.29501775805293984,0.3687721975661748,33.7998030287628,0.4898810435313753,67.7925292768684,57.391474953233704,0.0053327016713007715,-0.00019408460357825112,0.000692029676718113,0.002009365631263511,0.0022149926802586765,17,0
JP225,BUY,Russian,1,77.51000000000204,0.16064366457732088,0.16064366457732088,0.6747033912247477,22.577410969819017,0.6798985398955301,77.81196994534142,55.71403880974391,0.009064350355201973,-7.792541995163397e-05,0.0014712154469897912,0.006121455251586581,0.0010129970116941349,4,1
JP225,BUY,Russian,0,-35.01000000000204,0.0369406068359477,0.2216436410156862,0.2585842478516339,18.656820185101292,0.5734588315875428,67.67620280582928,57.60534530983832,0.0031958321139064316,0.0003384575314887414,0.0006288306802981799,0.006849084730756842,0.0018131167843081998,5,1
JP225,BUY,Russian,0,-60.01000000000204,0.11107976556279826,0.9997178900651844,0.22215953112559653,13.855599321493294,0.4725929360703993,45.012698529448016,53.213984969731015,0.0022361484360652454,0.00033022078787874894,0.0002609941245323967,0.00011902774415469198,-0.001250453652242022,12,1
JP225,BUY,Russian,0,-20.010000000002037,0.17350637589139212,0.17350637589139212,0.11567091726092807,13.546604104117746,0.25630648885348717,43.22607720591601,52.30004714409585,0.0022236841986466274,0.00019670534502234995,0.00013651452214181304,7.187162370611083e-06,-0.0013260864847934699,13,1
JP225,BUY,Russian,0,-45.01000000000204,0.5189977874081131,0.3459985249387421,0.17299926246937106,13.79679517063371,0.9568163940402266,43.352785976922014,56.337897348585415,0.0022048349107860257,0.0004945945827134992,0.0005179313619050406,0.00039907169736935256,-0.0008997060856412464,13,1
JP225,BUY,Russian,0,-115.01000000000204,0.6311228664281106,0.24543667027759852,0.7363100108327956,12.824271660317205,2.2931722377211696,71.30148881260006,63.347045377704326,0.0029964217112890723,0.0011002066433327387,0.0016598370811240705,0.0020349732744664,0.00161134138487997,17,2
JP225,BUY,Russian,1,70.01000000000204,0.690580494660629,0.12186714611658159,0.32497905631088425,12.881053894046131,0.5293723787817807,61.54242746297912,52.71875897766278,0.004186000858480286,-0.00025800452651477735,0.0005643153303774299,0.00021151362553134477,0.0010403429305570352,19,2
JP225,BUY,Russian,0,-50.01000000000204,0.5764356243502583,0.16469589267150236,0.08234794633575118,12.01566548406457,0.9206036853332663,60.71796835848061,56.18848160735129,0.004112885557574382,0.00019668057753747858,0.0009363996403841916,0.0006786248871217137,0.0015399398224908262,19,2
JP225,BUY,Russian,1,47.51000000000204,0.08364865004052771,0.20912162510131926,0.5018919002431662,11.212090531938836,0.6793662210450515,59.773827761446285,54.746286603647825,0.003910136440670018,2.2986313318645066e-05,0.000672222360401263,0.00047739498014018,0.0013674464751397702,19,2
JP225,BUY,Russian,1,27.510000000002037,0.17400820523711144,0.08700410261855572,0.2175102565463893,10.465913790679226,0.3517531959239612,57.468554349914406,52.56675196169995,0.0036521163510309647,-0.000183155202196565,0.0003280783398582989,0.00020204279123504692,0.0011107921938360347,19,2
JP225,BUY,Russian,0,-30.010000000002037,0.12359150860581669,0.18538726290872504,0.4325702801203584,18.783619366728406,0.45463255990758294,40.45585377509245,57.61475431255094,0.0033960601175972846,-4.6659867839872144e-05,0.00042325999148150204,0.003882033785804474,8.363556438461917e-05,1,3
JP225,BUY,Russian,0,-15.010000000002037,0.33268990412729726,0.0,0.06653798082545945,15.607776098648927,0.42037872839181534,37.57252578129669,57.92846772101404,0.002197781457682439,0.00013132443124454002,0.00025810403413527446,0.003916544586855911,0.0002809372807669007,1,3
JP225,BUY,Russian,1,7.510000000002037,0.0,0.0,0.21232068538872068,14.001777297630257,0.6237731396786701,35.323925157216124,58.56648813800625,0.0012939585113323398,0.0002673373086360912,0.00019334597724815467,0.003931371027960175,0.00040991513496907255,1,3
JP225,BUY,Russian,0,-32.51000000000204,0.8541602219601627,0.0,0.07118001849668022,14.90788079820848,2.050032072581913,35.12221621741497,63.18996693201284,0.0013725537003239233,0.0006486221902783295,0.0007097336188683143,0.0044281167539580646,0.0008028600545908827,1,3
JP225,BUY,Russian,0,-132.51000000000204,0.14020730092968686,0.22433168148749896,0.3785597125101545,23.76889582401087,0.8346132490910202,178.30740506542776,53.793920370352545,0.009718847568575018,0.001388851959939307,0.0019292807622206393,0.005139617370899361,0.002097632597617912,3,3
JP225,BUY,Russian,0,-142.51000000000204,0.1177214245071049,0.4708856980284196,0.25015802707759793,23.460108547582756,0.5912999551530541,169.89260946968008,53.02876990161245,0.009918069657239905,0.0006345249170108153,0.0013954144475662208,0.004777242730918211,0.0015398384437576816,3,3
JP225,BUY,Russian,0,-135.01000000000204,0.37335660320981784,0.26881675431106883,0.16427690541231985,23.12427325661254,0.9398489570115929,167.4002802218458,55.1282785111157,0.010121701554559425,0.0013091935812166076,0.0022670018129963628,0.0057698430736828525,0.00243623228247847,3,3
JP225,BUY,Russian,0,-147.51000000000204,0.6112139557353774,0.18806583253396228,0.12537722168930818,22.97740686437651,0.36443099875776547,159.51860896679563,51.95662618345655,0.010350308092025775,-0.00013751653366601878,0.0009033662514689137,0.004645975821045914,0.0011463115930067504,4,3
JP225,BUY,Russian,1,85.01000000000204,0.06754206497952085,0.40525238987712514,0.6754206497952085,13.339664357821768,1.0385213749194004,74.027940980425,61.97927327540838,0.004621110337373485,0.00020039392094946295,0.001150401496558088,0.0007652929540688538,0.0012925484001947674,17,3
JP225,BUY,Russian,0,-160.01000000000204,1.2320497165851083,0.1792072315032885,0.02240090393791106,48.97908538045848,0.11176894864642561,111.60263920283259,54.63453787916663,0.014614021712666696,-0.0016431331766686402,0.0004312836588813163,0.005377157693016834,-0.0010173521065657376,4,4
JP225,BUY,Russian,0,-50.01000000000204,0.32036231466782217,0.17797906370434563,0.21357487644521475,9.007003597312481,0.33224820566192614,70.23297987882826,50.548724993277574,0.0027894978439571057,9.657307776166966e-05,0.00026325823517226273,0.0028077732195958406,0.002175871180048604,18,4
JP225,BUY,Russian,1,175.01000000000204,1.190425329577799,0.0865763876056581,0.23808506591555978,18.93309960456791,1.78228982133157,115.50493473518941,63.33141072573362,0.007814580219011831,0.0030521981409081245,0.003328074498482608,0.004952312526319761,0.0038255967547888375,3,0
JP225,BUY,Russian,1,37.51000000000204,0.5503145318482378,0.042331887065249055,0.042331887065249055,17.73302947553757,0.10343594413164824,59.05713572717837,46.42716772759377,0.003717974753674288,-0.0004051396953676003,9.285719755537178e-05,0.0011297220098262148,-0.0011996108996638717,12,0
JP225,BUY,Russian,1,52.51000000000204,0.7231908024075481,0.17016254174295248,0.0,16.728086888240863,0.8511555873933311,58.767340318094206,52.122230395713224,0.003764654164764628,0.000273019268790409,0.0007665097689654543,0.001845704813530819,-0.00045189371174922784,12,0
JP225,BUY,Russian,0,-35.01000000000204,0.20520675699472066,0.4104135139894413,0.10260337849736033,13.18326334502231,1.1760145114928577,48.73133880409829,55.80108681448996,0.001714037140208449,0.00043910539212530533,0.0004796404018663157,0.0020840417375236203,0.0001354925602599701,13,0
JP225,BUY,Russian,1,45.01000000000204,0.44649707259296534,0.04961078584366282,0.39688628674930254,22.94305194276499,0.44280010702521727,50.392267679012086,55.176549262210145,0.004965025650893688,-0.00020510774469320795,0.0005268315382883263,0.00039080124784084114,0.00011371803271024829,14,2
JP225,BUY,Russian,1,162.51000000000204,1.3728402951890863,0.06101512423062606,0.5491361180756346,28.691940474997097,1.8904799447225922,81.94689534845345,65.20727863997084,0.005768999302685359,0.00149602532905728,0.0027301135862848143,0.0024489322621581203,0.0025050211981305108,2,3
JP225,BUY,Russian,0,-65.01000000000204,0.2700120347997939,0.0,0.6075270782995363,17.344485041930163,0.6421297768375058,74.07077249289803,54.16856422418351,0.005426277169052511,-0.0001511962893771434,0.0008446425337654299,0.0014379283738377804,0.0005208630932634507,16,3
JP225,BUY,Russian,0,-25.010000000002037,0.22828903945917972,0.22828903945917972,0.11414451972958986,8.132383064048373,0.39338777176510015,43.80411790110535,50.91840299364888,0.000917679968322898,-4.771072201735018e-06,8.584601285595041e-05,0.0013712370093169278,0.0008209764257822451,8,4
JP225,BUY,Russian,1,62.51000000000204,0.6693160784052036,0.26028958604646807,0.0,14.62033570891062,0.665329590712137,67.23280891028742,60.57834112943972,0.006216076982730779,0.0009698367721688456,0.0010387883572600509,0.00031162054254806065,0.00013109335884239128,18,4
JP225,BUY,Russian,1,40.01000000000204,0.5230074488658142,0.17433581628860476,0.232447755051473,11.956414555433904,1.238479444839276,43.02041978329974,59.221278192976015,0.0020851272785042344,0.0007375136667591272,0.0006190388958364787,0.0016810304255346234,0.0007561032767739066,22,4
JP225,BUY,Russian,0,-45.01000000000204,0.07081438311601758,0.0,0.5665150649281406,21.91107873495887,0.3149587661124565,70.60712499335527,54.86402949705591,0.010273137055938266,-0.0001891872883927041,0.0008289680349925474,0.004131445080450588,-0.0004348672626055188,2,0
JP225,BUY,Russian,0,-57.51000000000204,0.430595833177635,0.143531944392545,0.25118090268695376,20.840126843793055,0.41610294220650923,69.67090177954418,57.05931335624789,0.009270386644587191,0.00021784806894910205,0.0010208851998397075,0.004595184506537896,3.4836675492835065e-05,2,0
JP225,BUY,Russian,0,-85.01000000000204,0.3464043385021255,0.4156852062025506,0.4156852062025506,19.558035027274855,0.3429509715756803,72.16999679652281,57.620270838182705,0.0034141941936249192,0.0003061133124504487,0.0005431678829445154,0.004967917115422538,0.00034388027524948436,2,0
JP225,BUY,Russian,0,-80.01000000000204,0.4910303126524363,0.15344697270388633,0.33758333994854994,22.643329522292944,0.8347049186986788,81.46136596726365,59.06077268166653,0.005908874677852466,0.0002311474453036805,0.001204867873670345,0.00146367632703098,0.0019480062934175107,16,0
JP225,BUY,Russian,1,90.01000000000204,0.06249297565307172,0.43745082957150205,0.6249297565307173,17.804531856863328,1.152008144882184,80.00899217469467,62.50444183822936,0.0032808999675866457,0.000709807108463201,0.0010782911528822159,0.002017216367099237,0.0025466993405555867,16,0
JP225,BUY,Russian,0,-65.01000000000204,0.18923156929754878,0.5046175181267968,0.1261543795316992,18.521932809728295,1.095918245956204,79.2679575383847,61.927389064525734,0.0025538158499186173,0.00048094453339985653,0.0008030163445906985,0.0019425398635403764,0.0024858724343272648,16,0
JP225,BUY,Russian,0,-90.01000000000204,0.7524473571472082,0.21498495918491664,0.32247743877737495,55.32563265557287,0.5324373773214071,69.7723229423596,61.35219469921068,0.01162947768094323,-0.00021617720628669867,0.0015431677101306158,0.013158052795332756,0.0009593531430393842,2,2
JP225,BUY,Russian,0,-90.01000000000204,0.8424936140727278,0.4212468070363639,0.0,54.19995566240846,0.09743401322807987,71.21715701790534,54.4577013167621,0.011019440793026703,-0.0010249405090979765,0.00026951020083222237,0.011959959362784331,-0.00014187106790143096,2,2
JP225,BUY,Russian,1,92.51000000000204,0.43171427243290184,0.25394957201935403,0.25394957201935403,44.70535705006727,0.40525057182295227,98.44474161230207,57.044968404930316,0.007072806556774149,0.00018830120114808106,0.0006870110315755118,0.014059262625076856,0.0009748142342412746,4,2
JP225,BUY,Russian,0,-115.01000000000204,1.0790219456604102,0.02509353362000954,0.05018706724001908,43.85513583555248,1.3190093218672052,99.6272600685662,62.89934380662748,0.007401062600562221,0.0015879294929782722,0.002321445304682082,0.015751464477436413,0.0026992564205068023,4,2
JP225,BUY,Russian,0,-80.01000000000204,1.1584439826549255,0.35256990776454256,0.10073425936129787,22.856014226968266,0.2902237477986752,49.63554635436175,50.115770438230975,0.004568918744346568,-0.0005786345196802015,0.00032527103432927355,0.008329649960018637,-0.00019507767694092718,7,2
JP225,BUY,Russian,0,-57.51000000000204,0.8922980583152099,0.09392611140160105,0.09392611140160105,16.436789337956014,0.3811882985575265,53.23333336585646,55.03037564319682,0.003222370687732131,-0.00027660305043017945,0.00033449304665566923,0.0066580996822103635,0.001484566161892383,10,2
JP225,BUY,Russian,1,117.51000000000204,0.5342597818172896,0.1858294893277529,0.3716589786555058,27.61058645849848,0.9760775114991909,107.62554464499128,52.10093405544745,0.004487107641660271,0.00026720231499026805,0.0010561529148746143,0.0017300936758255542,0.0005471031400702548,3,3
JP225,BUY,Russian,0,-102.51000000000204,0.7373112541511593,0.13824586015334236,0.06912293007667118,32.58297574863182,0.2550964712742022,108.50234490466472,55.98959393079314,0.007671721516677873,-0.0008842332251167862,0.0005733025431647873,0.0002254278858346541,0.0011475502830879177,4,4
JP225,BUY,Russian,1,122.51000000000204,1.39894104393281,0.16654060046819166,0.06661624018727667,17.4865532445914,1.603115911073057,75.05677273204878,62.80311491293458,0.005147965120993432,0.0013835582481172793,0.0021118691786669985,0.0022070572849357505,0.002105323466059418,7,4
JP225,BUY,Russian,0,-70.01000000000204,0.5735007164669031,0.0764667621955871,0.420567192075729,13.304835037588768,1.090022314488618,65.38788692544577,56.855374206383296,0.003933090405015694,0.000242855522612908,0.0010360806313014623,0.0019278295749996534,0.000979471760753927,18,0
JP225,BUY,Russian,1,27.510000000002037,0.4958912446055204,0.11019805435678232,0.0,17.46458775123662,0.7673949998489172,45.37285190001421,57.90847537307346,0.002729038433254647,0.000657903680846333,0.0005081021321383821,0.003359895473112811,0.0012901020814773169,20,0
JP225,BUY,Russian,0,-80.01000000000204,2.2075760036661976,0.07612331047124819,0.15224662094249639,24.290407784639932,0.22144778821044298,32.84145138359755,52.49118391508457,0.004241590665088748,-0.0006111845206738925,0.0002282614969582765,0.003835411132276628,-0.0005909289803616906,2,1
JP225,BUY,Russian,0,-262.51000000000204,2.155645439886711,0.34294359270924946,0.0734879127234106,23.913207477935504,0.11772669158692374,102.05759997876181,49.08431272556648,0.008310604058626214,-0.0013784873871253958,0.00023270944423249028,0.003224307135769269,9.270356147471484e-05,4,1
JP225,BUY,Russian,0,-60.01000000000204,0.6470300586467527,0.138649298281447,0.32351502932337634,52.051904519454865,0.949380899919239,54.09331379936449,62.51479004515144,0.004630149296595241,0.0002834254151010144,0.0010477826484942478,0.0025920158134255323,-0.00027091776202159174,1,2
JP225,BUY,Russian,0,-52.51000000000204,0.6569596763199672,0.273733198466653,0.21898655877332238,20.94575879280566,0.43975140194610596,45.66490316125389,48.3451034891136,0.002852823803216727,-0.0002681078449441286,0.0003177525489315094,0.0017632078483630336,0.0011163000016410091,15,2
JP225,BUY,Russian,1,107.51000000000204,0.8280532775065667,0.05914666267904048,0.3844533074137631,17.333862450115483,0.43960423827127737,84.53562337291139,52.18306658274038,0.0056311459420219845,-0.0002830235284611861,0.0006583212417880811,0.0006735693722225726,0.0011991511918706605,17,2
JP225,BUY,Russian,1,60.01000000000204,0.2717946748728889,0.3321934915113086,0.1207976332768395,16.463892855507023,0.5550270020674481,82.78307884627486,53.65389478320063,0.005242275655864274,-4.160929378897126e-06,0.0007489839012039313,0.0009258111991097017,0.0014676177059691022,17,2
JP225,BUY,Russian,1,52.51000000000204,0.24807739465364398,0.2170677203219385,0.18605804599023298,15.504173815062199,0.6880360763930078,80.62000178582664,55.139915944203324,0.0048728378351177186,0.00021891740355205525,0.0008680025267157254,0.0011688926076291882,0.0017350731685309051,17,2
JP225,BUY,Russian,1,50.01000000000204,0.17986068961419865,0.14388855169135892,0.395693517151237,13.075932052558075,0.6611054068866622,69.49823236423985,56.924846045062914,0.0035807690205193515,0.00014835446643773464,0.0006273616955442964,0.0014762504778848883,0.0021900973409294255,18,2
JP225,BUY,Russian,0,-122.51000000000204,0.03049854822404827,1.2199419289619309,0.24398838579238616,31.09964092833644,0.5886109433659629,81.97111487519057,54.922037049926736,0.0031584183803249287,0.00022492637438665272,0.00045346262599629984,0.006108536067680645,0.00021181161532153803,3,3
JP225,BUY,Russian,0,-72.51000000000204,0.3382758232866785,0.30752347571516225,0.2460187805721298,30.549550501460548,1.091143226492647,81.29460666981981,57.52296824575471,0.003211976660592151,0.0005575376845773403,0.0008450213526590242,0.006556993361798064,0.0006047059538181902,3,3
JP225,BUY,Russian,0,-127.51000000000204,1.1661245873697,0.0,0.12675267254018477,29.15802198638398,1.7653172169306164,98.61725003105626,61.52714925847105,0.0051421277205836915,0.001403150435790442,0.0022170570965955585,0.008894507225865565,0.002487177368400606,4,3
JP225,BUY,Russian,0,-97.51000000000204,0.7934716430132681,0.07678757835612272,0.12797929726020454,28.871793898595513,0.1682127284113494,97.67204749206655,51.850220767596156,0.004978577511461659,-0.0005427613729471562,0.00022071986234322105,0.006993645270240742,0.0005400394311509528,4,3
JP225,BUY,Russian,1,47.51000000000204,0.05722129770900437,0.11444259541800875,0.91554076334407,22.018803928008342,0.8015879683650389,43.69002626807953,59.42658758665302,0.004004383236184342,-6.4629768798428455e-06,0.0007734488453149599,0.0017538333502144894,-0.0010053793950671448,22,3
JP225,BUY,Russian,0,-22.510000000002037,0.13374859501546374,0.20062289252319562,0.2674971900309275,17.239750254682683,0.6759538705243722,37.383570267948684,53.9815613755411,0.0019834921347217853,6.459998462131297e-05,0.0003220012219855439,0.0024989438972044566,0.00027068404694512366,2,4
JP225,BUY,Russian,0,-27.510000000002037,0.20448447562168687,0.40896895124337374,0.13632298374779125,17.205334212693963,0.7687041806090755,36.6776009630952,54.80317052692701,0.002013377643741309,0.00011515502326817858,0.0003680452879834102,0.0025626101624115242,0.0003391463691180503,2,4
JP225,BUY,Russian,0,-115.01000000000204,0.09297085782837358,0.24792228754232956,1.0846600079976918,16.902033738423512,1.4326016846362064,80.6704399118827,60.14161395249538,0.004842427814710867,0.0010296108188131597,0.0016623486153897302,0.0039211234248813795,0.0013929623011582856,3,4
JP225,BUY,Russian,0,-80.01000000000204,0.021898907863822165,0.48177597300408764,0.1970901707743995,26.78453643835892,0.485268727277324,114.1609442601517,49.75118911351055,0.0035278991845656567,0.0003122243703222379,0.000460816353786581,0.0030716068814803793,0.002783422387889362,20,0
JP225,BUY,Russian,0,-50.01000000000204,0.8011692010760976,0.0,0.2002923002690244,35.36163941925703,0.29295048854874395,49.92703157619345,56.84658059671076,0.003771487002907041,-0.0003127746366594898,0.0002904098316472921,0.005550322664726118,-0.0002900257633639676,2,1
JP225,BUY,Russian,0,-42.51000000000204,0.1518325295953397,0.5061084319844655,0.20244337279378624,34.26817959242079,0.3792968201034787,49.396529320751064,58.02220575902829,0.0035076701456765503,-0.00012030211345146314,0.0003413966194957084,0.005670424944404198,-0.00011895299751126008,2,1
JP225,BUY,Russian,0,-52.51000000000204,0.11350903763948689,0.3121498535085889,0.17026355645923033,26.260698748586748,0.24648957262645438,88.09871185553295,50.83879302425977,0.0068051322354473155,0.0002861408309115411,0.00044502141578508706,0.0007134564198375804,-0.0018249592246745658,12,3
JP225,BUY,Russian,0,-85.01000000000204,0.5614464453792511,0.41369738080576396,0.029549812914697427,23.83828178547758,0.6056025686566737,84.60290449949194,55.37399765021854,0.0054553564818675,0.0008846601758051617,0.0008315750034432556,0.0015074992392376959,-0.0009086562377614126,12,3
JP225,BUY,Russian,1,30.010000000002037,0.39349610436618915,0.0,0.035772373124199015,9.876559208116033,0.7869119561762031,69.88633354908231,57.77245592986834,0.004109127067954357,0.0003256692584015189,0.0007887394910613051,0.000999096326407541,0.0015571975247468644,19,3
JP225,BUY,Russian,0,-37.51000000000204,0.3522042564928215,0.25157446892344393,0.15094468135406636,11.689390879032427,0.4724010258548096,49.68707696568306,53.133192371642885,0.002152543326769586,0.00013116492127902742,0.0002445260282366881,0.008112132046581347,-0.00020756848278657896,1,4
JP225,BUY,Russian,0,-12.510000000002037,0.15946977047238425,0.10631318031492284,0.0,11.264658514685564,0.27270892620139786,47.030857182419986,52.468713629674994,0.0020565358026029307,4.0553560593704944e-05,0.0001398506045110665,0.008016581018559996,-0.0002595080492416675,1,4
JP225,BUY,Russian,0,-27.510000000002037,0.05659365212187679,0.5093428690968911,0.05659365212187679,10.585233522645407,0.30714185887224027,44.1745656317805,52.90348199035175,0.0019084941285357451,5.8139279144637974e-05,0.00015086200305998822,0.008062483784566535,-0.0001298342604640014,1,4
JP225,BUY,Russian,0,-12.510000000002037,0.17894595112205575,0.11929730074803717,0.0,10.115173077582417,0.059571745904408634,41.9120966580819,52.131964626047804,0.0019070953106535612,-1.78619210978929e-05,2.7038105864694155e-05,0.00795998899021236,-0.00019042809704199944,1,4
JP225,BUY,Russian,0,-35.01000000000204,0.37071388852290327,0.12357129617430108,0.37071388852290327,9.223489434946314,1.1659436963670151,40.46247109804001,56.75552640008343,0.0017578489292039876,0.00037476082801798634,0.0005381193068962545,0.008451361115595668,0.0002989399076528881,1,4
JP225,BUY,Russian,0,-25.010000000002037,0.1475385389372021,0.5901541557488084,0.0,8.213458944039889,0.34055150517243493,33.88945041761723,52.30493627456067,0.0017666321237386157,-1.7411615154486306e-05,0.0001432062794643035,0.007967733073898477,-9.997355476318436e-05,2,4
JP225,BUY,Russian,1,70.01000000000204,0.07978189381565069,0.26593964605216897,0.3989094690782535,45.19787941730753,0.33230292876841555,94.00629192044494,63.74691551078954,0.009185053529045962,-0.0003807676975268926,0.0008687781476056802,0.01630924343607961,0.0020945194335098027,4,4
JP225,BUY,Russian,0,-72.51000000000204,0.19466199877361645,0.35688033108496353,0.3893239975472329,51.63850776936789,0.30475339920023453,77.0566422542715,67.1231088331588,0.0021208118830180764,0.00034432015080929014,0.000886211218373757,0.011891941774875165,0.0003252050111565904,2,0
JP225,BUY,Russian,0,-350.00999999999476,2.327429469228417,0.0,0.033730861872875606,41.72344809504854,0.04092605887108684,148.23220405229873,49.01222637543847,0.019682289370980058,-0.003509105599150961,0.00019543065326737505,0.0056985057480138475,-0.004311013143575193,3,2
JP225,BUY,Russian,0,-105.00999999999476,0.6963983795699351,0.0,0.05356910612076424,15.277759835965712,0.8547122153979198,140.00606960086796,56.61002001050944,0.008745870783031864,0.002128549633803753,0.0017868714761871273,0.0062466320030341044,0.0007780014738086115,5,2
JP225,BUY,Russian,0,-182.50999999999476,0.3640529918552119,0.49817777832818466,0.5364991458918912,16.934429912459166,0.9423013412897222,130.47551060613534,56.09459243827124,0.006166591896411791,0.0010241754782658494,0.001386061827404861,0.00936385263071567,0.0012282914192578772,4,4
JP225,BUY,Russian,0,-92.50999999999476,0.24494462866861824,0.2826284176945595,0.1695770506167357,15.966570676590491,0.9205052110324138,132.68304831443658,56.11984870042705,0.0058178377652552595,0.0008793171094774733,0.0012909153729036863,0.0094855607012362,0.0016345540728053992,4,4
JP225,BUY,Russian,1,112.50999999999476,0.45511383955815576,0.41373985414377795,0.06206097812156669,11.473305975056508,0.26264046346712194,120.84888487108277,51.51271174811081,0.00530057452762762,-0.00026012361720224435,0.000343430242720312,0.007909624695942447,0.0007453516733137541,5,4
JP225,BUY,Russian,1,142.50999999999476,1.1029826906612683,0.04085121076523216,0.02042560538261608,11.379402883719195,1.6059207030155265,122.39539309457686,58.63694301842865,0.004890297048759735,0.0013998625602548948,0.002168629366603031,0.009825849608897663,0.0027246159054824864,5,4
JP225,BUY,Russian,0,-50.00999999999476,0.1834462859481324,0.1222975239654216,0.305743809913554,14.274378471012142,0.8285672783704927,81.76780425110978,54.60911945501164,0.004418506496608278,0.0007075891677636734,0.0008719855146125371,0.000865174544197708,0.0017784334642791657,19,4
JP225,BUY,Russian,0,-35.00999999999476,0.22830504793248604,0.22830504793248604,0.0,14.858416960774347,0.30227576763403396,76.65183121651812,51.47602779328741,0.003691764503098392,0.00011460217062784592,0.00030381154048818483,0.0003341129301703976,0.0013163064927423434,19,4
JP225,BUY,Russian,0,-60.00999999999476,0.205510668534919,0.3425177808915317,0.27401422471322534,15.61406770096309,0.9014144264219397,72.9889115097268,55.803075009976745,0.0031911726350833227,0.0005803335820385097,0.0006919135435156275,0.0008817909415608783,0.001979058892972948,19,4
JP225,BUY,Russian,0,-40.00999999999476,0.28315552778069036,0.2123666458355178,0.07078888194517259,16.213282135633243,0.361154541180159,70.63256068760346,52.88379129483542,0.0031926664712176875,0.0001623680302088678,0.0002749573681297003,0.00046767935541035293,0.0015953284492711325,19,4
JP225,BUY,Russian,0,-32.50999999999476,0.1603300306332891,0.18705170240550395,0.0,11.042880955056383,0.09949209195373662,93.55702073249384,50.697206375472305,0.009466888798495408,-0.0011188746749199192,0.00022883753216761113,0.0014551151535675082,-0.0005707695073894109,2,0
JP225,BUY,Russian,0,-65.00999999999476,0.4633722500410365,0.0631871250055959,0.021062375001865297,23.051475408777442,0.2757544429250714,118.69506642905174,57.77459417121215,0.005546466040198698,2.617845413455231e-07,0.00038563691095593527,0.00961754153699788,0.003423864012199982,5,0
JP225,BUY,Russian,0,-85.00999999999476,0.6613381259447519,0.07936057511337023,0.15872115022674047,15.358491306634983,0.26171844353507534,94.5053635169088,50.98907834315749,0.006623264112339177,-0.0005711031840927516,0.00041638902060308795,0.006383223756739247,0.0014682513774693152,9,0
JP225,BUY,Russian,1,130.00999999999476,0.7986340188944897,0.2060991016501909,0.3349110401815602,15.24880838716889,1.0498587312872882,97.04069469427246,56.52199690375993,0.006796454204993511,0.0006778758966910421,0.0017009148601869707,0.0077633985315832856,0.0028637676245562038,9,0
JP225,BUY,Russian,0,-50.00999999999476,0.6808751870713259,0.0,0.2918036516019968,10.898653432734198,1.4027470407071558,51.40442868912116,53.285520396169595,0.0025441287295632706,0.00036455345453163953,0.0008486842703639727,0.0037319608128414425,0.0014680898423252223,14,0
JP225,BUY,Russian,0,-50.00999999999476,0.3411032604791348,0.04872903721130497,0.5847484465356596,10.309975811073885,0.8516910183495582,51.304112354183935,50.44359139876276,0.002590573848263842,5.2631607217957154e-05,0.000524854556931103,0.0033784401289561157,0.001165867918677848,14,0
JP225,BUY,Russian,0,-27.50999999999476,0.3023960739100277,0.050399345651671285,0.20159738260668514,9.763346590960737,0.5700438114782238,49.60381861459937,49.03537877280663,0.0025464229693360767,-7.739987138204021e-05,0.00035404687102359814,0.0031729463476587454,0.0010136657231114177,14,0
JP225,BUY,Russian,1,52.50999999999476,0.19931732116505904,0.19931732116505904,0.29897598174758855,26.672873566591814,0.5004721680959159,75.25688140057919,57.74167762021899,0.006416839623198633,0.0002274844146448079,0.0008899750983544558,0.00043134228301012296,0.0013905732818984004,19,0
JP225,BUY,Russian,0,-177.51000000000204,0.4072480379930742,0.33088903086937277,0.16544451543468638,35.85867264146691,0.3042919590865977,196.4404798467329,55.12950036344108,0.017674394403658096,-0.0015193061022216632,0.0013365849135169524,0.004825633240186505,0.004291052228758704,17,2
JP225,BUY,Russian,0,-185.01000000000204,0.4506737180625057,0.01073032662053585,0.33264012523661135,29.955751076756044,0.28366118421752357,232.9845202675811,56.03563746714899,0.026575068476872733,-0.0006001288399625739,0.0019436978345827676,0.0026016623105140344,0.006780232156740864,5,3
JP225,BUY,Russian,1,92.50999999999476,0.2362218845793215,0.0,0.637799088364168,45.269919985133235,0.6429645616953925,105.8327006598967,65.08348358894273,0.00687965823061998,0.00020994491190179856,0.0012818907144452954,0.02434732448881631,1.5925744447550484e-05,1,4
JP225,BUY,Russian,1,30.00999999999476,0.028265713650565,0.0,0.310922850156215,47.31591826361051,1.2479474142037956,88.44637821306266,64.86655963678604,0.0027587953519817893,0.0003352312295897896,0.0008336490540988891,0.024278628466142912,0.00044295388195708196,1,4
JP225,BUY,Russian,0,-260.00999999999476,1.3344076055870369,0.11120063379891974,0.0,24.83127853650815,0.16019587703847094,179.85509000034395,51.17347222415544,0.011601099268715644,-0.0015176892952795513,0.0004488263116848388,0.02179217540394736,-0.000566946060296833,3,4
JP225,BUY,Russian,0,-210.00999999999476,0.7308642574563703,0.36543212872818515,0.2989899235048788,24.47371735308717,0.5960898507526269,150.5067444163071,51.505416041041336,0.008397446471851302,0.00023774435792023907,0.0011929117270893408,0.0036826766976296244,0.003913588539325609,17,4
JP225,BUY,Russian,0,-107.50999999999476,0.315457513917625,0.0,0.48246443305048525,39.32376134213075,0.22187436437679034,134.7249570067238,60.90793274246782,0.02353184304192584,-0.0005056567415114501,0.0013942280327349007,0.01896508396568214,-0.001745984191690167,2,0
JP225,BUY,Russian,1,112.50999999999476,0.5886356645187935,0.05351233313807213,0.5618794979497574,13.778172385207608,2.3954286483499194,93.43640440978412,61.316579795811705,0.0028000486352581966,0.0015500678857587903,0.0019339133835778598,0.015469593500042872,0.0025933406805478242,11,0
JP225,BUY,Russian,0,-62.50999999999476,0.8300327242892539,0.11857610346989342,0.039525367823297804,12.42076066992022,1.5313298410302612,63.250518279210084,55.38400521211672,0.0021721180474548263,0.0005553517830799798,0.0008138362205707846,0.00629547507333622,0.000458574266672382,14,0
JP225,BUY,Russian,0,-45.00999999999476,0.44490806182575643,0.1213385623161154,0.16178474975482052,10.677415481686053,0.4336306332987432,61.81052302614846,50.98513317506506,0.0019461738172510893,2.0326688056399184e-05,0.0002150374779357844,0.005249896053221622,2.3726347233315976e-05,15,0
JP225,BUY,Russian,1,60.00999999999476,0.4184123128029576,0.0697353854671596,0.34867692733579797,10.602317802479721,0.9595595968834022,71.69961084325897,54.84885179663517,0.0037347485994604153,0.0005520137954794249,0.0008554746643347048,0.0004760537725770986,0.0002160155200128324,18,0
JP225,BUY,Russian,0,-250.00999999999476,0.1621635593042134,0.13899733654646862,0.8571502420365565,28.02789242391453,0.7663176459090009,215.8314737920939,61.77387651486508,0.01823777457697831,0.00023180162507529414,0.0034807071465174076,0.011930240462808,0.002285771845952587,3,3
JP225,BUY,Russian,0,-240.00999999999476,0.7303863334680634,0.02318686772914487,0.35939644980174545,25.54828546902085,0.9226973418211846,215.6393031782909,63.32344367071381,0.017602651612574304,0.0016357008950905732,0.0038986273573048185,0.013191064887970028,0.0034863334209757238,4,3
JP225,BUY,Russian,0,-152.50999999999476,0.4654430276232459,0.23272151381162295,0.048994002907710096,25.97953795412524,0.13300623482289667,204.1066131876789,56.102676666774016,0.008914722934313576,-0.000580389838353021,0.000381969856748207,0.011764788063626056,0.0016145088537708112,4,3
JP225,BUY,Russian,0,-62.50999999999476,0.36059357146210125,0.18029678573105062,0.022537098216381328,20.087705841873394,0.2758889225627444,110.92821160901933,55.2182125638754,0.003096842052575542,0.00018400557812585358,0.0002609949388061063,0.009036253061222903,0.0022021358394541802,8,3
JP225,BUY,Russian,1,65.00999999999476,0.2282150779106403,0.045643015582128056,0.3195011090748964,13.434784662651369,0.950397977593311,109.54578561977829,56.281894512489885,0.004003315306627755,0.0011450738143799466,0.0009117299223770765,0.008395647096193672,0.002664025064055986,9,3
JP225,BUY,Russian,1,177.50999999999476,1.4215133807046851,0.1165174902216955,0.1165174902216955,12.914462207574633,0.33677342136105676,107.28003131732841,52.323552586935506,0.005332914365594224,-0.0002651319036420687,0.0004331344582810061,0.007928471858419332,0.0024619696393711893,10,3
JP225,BUY,Russian,1,495.00999999999476,0.869492555982784,2.5478153966007158,0.5864019563604822,15.475495167283503,2.1941275022013045,123.63533104489109,63.5896546542646,0.005814357577298909,0.0019260874721413765,0.003120775205380676,0.003030647211351451,0.0020934224114772183,2,2
JP225,BUY,Russian,0,-135.00999999999476,0.5977949429135557,0.12262460367457552,0.10729652821525358,24.91729548368923,0.06267511581750687,163.09940583438328,48.38575876591926,0.01743126039836265,-0.0022836052056183324,0.00029410125751509113,0.0010494171709524687,-0.0015098207385600703,9,2
JP225,BUY,Russian,0,-85.00999999999476,0.14485708288614668,0.3701903229312637,0.03219046286358815,22.111818862904393,0.05381517108187332,155.3255080918917,50.891697010615026,0.013045520864532586,-0.0009085677698342597,0.00018899064221423559,0.0019207035368384881,-0.0005648251041324354,9,2
JP225,BUY,Russian,0,-75.00999999999476,0.23470432818072687,0.3840616279320985,0.021336757107338806,12.987059162455353,0.8186825491106189,117.16869566557149,52.99441617014226,0.004766969512795302,0.00011202739388579292,0.0009309924998420719,0.0019263688527446474,0.0004985381627924166,11,2
JP225,BUY,Russian,0,-80.00999999999476,0.3056400487390285,0.0436628641055755,0.349302912844604,13.059152390997394,1.2039421714243204,114.5137888323164,55.3687795726249,0.004838218872161501,0.0005508855708456777,0.0014169721315074402,0.002466607135556543,0.001072484345061633,11,2
JP225,BUY,Russian,0,-125.00999999999476,1.0420600210776287,0.049621905765601375,0.14886571729680412,19.12048386355409,0.38472494341409946,100.76195024871602,51.632020508182265,0.005736195807865915,-0.0005152794297134923,0.0005303269800503777,0.0019603418116796102,0.0008997530487797541,13,2
JP225,BUY,Russian,0,-105.00999999999476,0.8907516197232386,0.049486201095735476,0.09897240219147095,20.528593685074334,0.3216315661063442,101.03826701764909,50.9450733054769,0.005964624040136377,-0.00041364165897791056,0.00045649374363318355,0.001933705632385256,0.0008862887672570783,14,2
JP225,BUY,Russian,0,-90.00999999999476,0.4630886597758953,0.3168501356361389,0.09749234942650428,27.449404916712346,0.3326894880979506,102.57215113621417,52.4353453084822,0.006901240678515857,-0.0005606011937057989,0.0005566790003894641,0.003426701970790785,0.002742404374456922,15,2
JP225,BUY,Russian,1,130.00999999999476,0.060682283008702834,0.21238799053045992,0.5157994055739741,13.422751420674967,0.6968885931577543,164.7927451669186,52.68766872911503,0.009434321545444681,-4.927552396154584e-05,0.001563445511263854,0.001956834272992352,0.0018189954092768083,18,2
JP225,BUY,Russian,0,-80.00999999999476,0.033412630414542184,0.20047578248725312,0.30071367373087965,12.86982254698366,0.6213004098722443,149.6440100035898,53.57081224391198,0.008130737809255502,4.7436019993744735e-05,0.0012530610859566621,0.0026202422273177224,0.002617511996352819,18,2
JP225,BUY,Russian,1,272.50999999999476,2.124888373850128,0.039717539698133235,0.0,18.258518324241113,2.2895020000903727,125.88896588262251,64.0844881573119,0.0074194690002384696,0.0035208978252267067,0.00405637988945412,0.0010520528017940339,0.0006594270909321209,22,2
JP225,BUY,Russian,0,-150.00999999999476,0.21772775809087405,0.06220793088310687,0.6531832742726221,25.275445124887433,0.5881217599609531,160.7512074110086,59.76350605174085,0.016216619684088763,0.0003436126999992354,0.002348802543458201,0.0012097988930799156,0.0015236975305202487,18,4
JP225,BUY,Russian,0,-227.50999999999476,1.1638275687507147,0.02909568921876787,0.1309306014844554,21.08858739795192,1.3283156122714308,171.84676267351668,64.43338912587302,0.009727286020093059,0.003075039406086146,0.00393617488826335,0.004682677802180252,0.004599091523661448,18,4
JP225,BUY,Russian,0,-172.50999999999476,0.6079872771379646,0.3039936385689823,0.041453677986679406,22.037024938087725,0.868429071541028,180.9248386213167,57.89812338103666,0.008145618551182229,0.0006116505694694062,0.0016904072584489774,0.004824022195358038,0.004060378909478623,18,4
JP225,BUY,Russian,0,-145.00999999999476,0.848066550024141,0.06281974444623266,0.0,16.45734222197122,1.0402407203053263,159.18562051074542,58.32340820183551,0.007856495829520548,0.0014484809631651525,0.001973347234802201,0.006127345107972632,0.004516608834099308,19,4
JP225,BUY,Russian,0,-80.00999999999476,0.13548838267009003,0.30484886100770253,0.10161628700256752,14.669768386025178,0.4551121309707512,147.61413197099986,55.33184394281491,0.007502226595452173,0.0003422105824008166,0.0008396381798387878,0.005437330397324931,0.0036285351550439295,19,4
JP225,BUY,Russian,1,67.50999999999476,0.1938097941463652,0.1409525775609929,0.1409525775609929,13.961613118081488,0.6158015033669342,141.8916939730713,56.598410230464154,0.007405581188406639,0.0006175489786163566,0.0011091001627400643,0.005961900295768975,0.004047804352576679,19,4
JP225,BUY,Russian,0,-187.50999999999476,0.35202515926855465,0.8490018547065142,0.35202515926855465,26.09224005829912,0.36743385756383246,120.73000716286131,55.15312705094564,0.014049486587653108,-0.00047347358123272924,0.0012595159793069054,0.005976175226638813,-0.0006970499319399241,2,0
JP225,BUY,Russian,1,235.00999999999476,1.1578332815611492,0.0251702887295902,0.0,16.51784539597936,1.2675026382494115,198.64690682399674,54.03875039144193,0.010353999249799501,0.0021538650431517743,0.0036306070769982868,0.00017749584324807738,0.0018548076219067422,5,1
JP225,BUY,Russian,1,80.00999999999476,0.4528225722850541,0.052248758340583165,0.052248758340583165,9.970404434614052,0.8561748011734329,143.5440810116731,54.03321001918315,0.005771784168320959,0.0006921324993737831,0.0012674199902599865,2.779604581815004e-05,0.001735149401861247,6,1
JP225,BUY,Russian,1,122.50999999999476,0.7772661440787775,0.018957710831189693,0.13270397581832785,8.997436632111643,1.5519295487186269,131.87246193706775,57.007133286520286,0.004916441842800558,0.0012249171331136955,0.002160028122409772,0.0010784526012284606,0.002817430718960796,6,1
JP225,BUY,Russian,1,170.00999999999476,0.9369355672005377,1.1307843052420283,0.12923249202766038,26.183564674959406,0.5823231884753056,77.37992081635045,51.5168322672077,0.003187058334012281,0.0005717442055566727,0.0004414778268481612,0.005316385482730705,0.0003180559082430234,2,2
JP225,BUY,Russian,1,180.00999999999476,1.6822113527220983,0.4426871980847627,0.0,24.791245696480257,2.5147448081880266,84.7099264723254,60.43772942974456,0.0038199060969774075,0.002035812774772494,0.0023044939505170834,0.007233505819412753,0.0020050009259515375,2,2
JP225,BUY,Russian,0,-140.00999999999476,0.9296503173575662,0.0,0.17801814587698078,36.77031152160893,0.9053585645896751,126.39160962584454,63.097181566701465,0.01074204109266402,0.0009109609221897896,0.002442802333843706,0.0029534751311892215,0.002928458021646852,16,3
JP225,BUY,Russian,1,150.00999999999476,0.08498606077691241,1.2181335378024112,0.3966016169589246,18.463117695629638,0.8283206515595919,88.24976627270003,54.059036021808396,0.0043651593909943345,0.0005739435354365506,0.0008612096624319511,0.0026902149517314027,0.0002758094173825089,2,0
JP225,BUY,Russian,0,-287.50999999999476,0.6968228904043682,0.0,1.660078062433936,25.632902600441533,1.4239644530545057,121.98221552491519,61.37537082939885,0.008743618053802912,0.001011784091647771,0.003046888135013705,0.005870002930309226,0.0007233319514033721,2,0
JP225,BUY,Russian,1,162.50999999999476,0.9779399194360984,0.19920998358883485,0.0,20.947137451542073,1.5107516156871408,138.0452902238043,59.48491542790903,0.004973472909147979,0.0015933718310712985,0.002068114599312867,0.0004391168930895503,0.002243465503215713,8,0
JP225,BUY,Russian,1,105.00999999999476,0.7562151566221336,0.06131474242882164,0.04087649495254776,20.401581537355977,1.6338648017613318,122.3196853302697,60.633790339166865,0.0048010787491739254,0.001190363209769401,0.0018658256121048791,0.0011311040970991269,0.002837278148490166,9,0
JP225,BUY,Russian,0,-130.00999999999476,0.06615630356810868,0.2811642901644619,0.5127113526528423,15.256112908188518,0.5480767561911785,151.15717566814905,54.200750136271004,0.011233999383864861,-0.00043498496567142024,0.0015420170307508592,0.002992081050368941,0.0030228675663898407,6,2
JP225,BUY,Russian,0,-80.00999999999476,0.18420970234279854,0.42982263879986327,0.3684194046855971,17.117043461703403,0.8266131885049056,81.42893565989418,57.65054133946936,0.003368309833078184,0.0005003402964639743,0.0006624625338577569,0.010957805667530891,-0.00011731662439932814,1,3
JP225,BUY,Russian,0,-30.00999999999476,0.3536730022953444,0.03215209111775858,0.0,16.259791472447088,0.25218399708322015,77.75544025561602,53.92049660981532,0.0032717165666137312,4.504212278904372e-05,0.00020231306001865896,0.010515531701511613,-0.000420289200932091,1,3
JP225,BUY,Russian,0,-70.00999999999476,0.6402914176909256,0.17785872713636822,0.17785872713636822,13.81804151487506,1.087621050922178,70.28049846784282,58.94659990484279,0.00296998499074745,0.0007961358629252897,0.0008517914340357316,0.011312748063969747,0.0006662220321674586,1,3
JP225,BUY,Russian,1,350.00999999999476,0.5105623161033377,1.035712126952485,0.495974821357528,18.66490427103679,1.6073206867948135,171.37966755519423,59.08363403595911,0.006667696175244247,0.001256395062561559,0.002586051223911546,0.01414096110388806,0.001215543988495393,3,3
JP225,BUY,Russian,0,-355.00999999999476,1.0162854701095396,0.29811040456546495,0.6097712820657237,20.087619033462175,2.627693036742172,184.4954055869661,65.92878980609419,0.008109607134103303,0.0033046063118644512,0.0051475935177928926,0.016956184895390455,0.0037548630355696763,3,3
JP225,BUY,Russian,0,-425.00999999999476,1.8897969869871232,0.024228166499834912,0.14536899899900946,24.528102440562563,0.4088999487977732,206.37137358429783,52.77021936339042,0.012688739003564337,-0.0014733999933787348,0.001248353490221453,0.014170123307065526,-7.460162362573607e-05,3,3
JP225,BUY,Russian,1,175.00999999999476,0.4898825507522427,0.1469647652256728,0.22044714783850922,23.456666301643896,0.7908462052303585,204.1305611854194,55.9000776138209,0.012577130502193628,-6.088340489574587e-05,0.0024241755454451354,0.015488789544788073,0.0012705272635788556,3,3
JP225,BUY,Russian,0,-142.50999999999476,0.1949775903187254,0.3655829818476102,0.13404709334412374,22.712746359872718,0.29227349575114986,205.15178146684914,53.427736799021716,0.011728838759836076,-0.0007061992780483709,0.0009175577576694025,0.015825511594920124,0.0010395765465734293,4,3
JP225,BUY,Russian,1,160.00999999999476,0.5374208886278494,0.061070555525891974,0.18321166657767593,17.49773883802916,1.1061959845621598,204.68128859087253,58.45571494911789,0.008780912800192945,0.0026688398111960505,0.0023256130487358854,0.017827429223288727,0.0037515092875655015,5,3
JP225,BUY,Russian,0,-152.50999999999476,0.2440033808120839,0.13420185944664614,0.36600507121812587,18.674151315114447,0.9222303039210812,204.91519352556375,56.90410285934134,0.009905765017921954,0.001372393902555288,0.002223153523138259,0.017633724998442197,0.0037372184676074034,5,3
JP225,BUY,Russian,0,-102.50999999999476,0.08042417463464802,0.33778153346552164,0.24127252390394405,11.190993081689632,0.36317784953952986,155.4259034274851,50.50482540135881,0.008280696448828376,0.0006048262687753303,0.0007594862782894855,0.008141014567532736,-0.0006008214342799234,7,3
JP225,BUY,Russian,0,-115.00999999999476,0.4278903734623834,0.06582928822498206,0.26331715289992824,11.50437538652661,0.3826018041717398,151.90806812043007,50.78997371854046,0.007618261389444789,-0.00022849698404872205,0.0006932217806226952,0.005384201003110785,-0.0008041595233877471,9,3
JP225,BUY,Russian,0,-140.00999999999476,0.2848670496912465,0.14243352484562324,0.3703271645986204,17.825069569218588,0.6850595830146862,175.52047544351854,54.3929355180111,0.009656825970929995,0.0006686021703243276,0.0015739794559357693,0.007205602295668963,0.0019872117438636434,4,4
JP225,BUY,Russian,0,-150.00999999999476,0.23028529816286084,0.34542794724429127,0.28785662270357604,17.688733628702295,0.3872034563100307,173.69758434041006,52.346041080349025,0.009689476630049397,1.2309026944898663e-05,0.0008924735423104195,0.00646593477830172,0.0012639694022170502,4,4
JP225,BUY,Russian,1,230.00999999999476,0.8035082549316589,0.0,0.4710220804771793,17.206053231168696,1.599600814687766,180.45863139555766,61.00423394209788,0.010510983943214796,0.0025372011412980633,0.0040219085079791685,0.009728203782204946,0.004515575738846796,4,4
JP225,BUY,Russian,0,-140.00999999999476,0.13015106925587128,0.13015106925587128,0.5495267368581231,21.606487517553465,0.5108403884782049,172.87602882282889,54.34768728978158,0.012945041829943302,-0.0006009932760788545,0.0016944783129208142,0.008701645382663211,0.002917289974561163,5,4
JP225,BUY,Russian,0,-62.50999999999476,0.23629268367089143,0.1999399631061389,0.018176360282376264,13.671071070593374,0.5105745750387544,137.54128775847337,57.44792672861755,0.007473979229591513,0.0011108196237827014,0.0009649342879750591,0.008441696413115556,0.003469680329634108,5,4
JP225,BUY,Russian,0,-65.00999999999476,0.15110331804323962,0.05666374426621485,0.2833187213310743,13.03368811837918,0.32292348867673326,132.3597672042967,56.45758032057763,0.007296291083121362,0.000714814450303605,0.000575415229277177,0.008111222273101203,0.0032236730929401346,6,4
JP225,BUY,Russian,0,-82.50999999999476,0.13587130025472427,0.3105629720107983,0.19410185750674896,12.729248559795442,0.42303685638118205,128.79835526113266,57.50937107821748,0.007325755030092488,0.0008032668087695184,0.0007372644457321791,0.008290347778980158,0.0034879427972803584,6,4
JP225,BUY,Russian,0,-40.00999999999476,0.0,0.12249336158697288,0.2041556026449548,12.446554683967685,0.3881319448765367,122.45561559962319,57.32297352903742,0.007131559722233834,0.0006135780523353765,0.0006786815113031678,0.008139791683772428,0.0034325613492169208,6,4
JP225,BUY,Russian,0,-82.50999999999476,1.330335939606799,0.04291406256796126,0.04291406256796126,24.801603203522422,0.22863932322435077,58.25596204136701,54.05912342921675,0.0037015612931457762,-0.0004690509471792412,0.00022312301654019132,0.0001937653406489572,0.00011864237010983259,14,4
JP225,BUY,Russian,0,-115.00999999999476,0.28854116888512354,0.060745509238973386,0.34928667812409697,21.936814556098184,1.9066033614607554,164.62122262667862,58.88505170162739,0.004929207614812101,0.0013249222823060126,0.0022371853502860866,6.832011024245047e-05,9.229748116916076e-05,17,4
JP225,BUY,Russian,1,85.00999999999476,0.22539113676553535,0.07513037892184511,0.338086705148303,20.374325822808004,0.7285809855597504,133.10195081542938,55.23859869540555,0.006134766400843888,0.0005183158539361241,0.0011059718325071473,0.0008964803244917612,0.000939967367069373,18,4
JP225,BUY,Russian,0,-155.00999999999476,0.7257743109593088,0.19793844844344785,0.09896922422172393,17.200931179952157,1.9213843537544841,151.5622671386715,59.10236024761351,0.0053589355278854155,0.0023718393801123294,0.0024485009143804123,0.001838024680349172,0.0029606816229607877,17,0
JP225,BUY,Russian,0,-90.00999999999476,0.1359976704183561,0.03399941760458902,0.4419924288596573,15.738171532666366,1.0829186464690912,147.0613425838545,55.97163719046209,0.0057508762954338564,0.000955574189469204,0.0014889498065303547,0.001240060853141304,0.002116213336799231,17,0
JP225,BUY,Russian,0,-205.00999999999476,0.29563567650472344,1.9216318972807023,0.8129981103879894,25.05151510371356,1.5385320610465818,67.65083374394584,64.4517902888669,0.0033306401198969714,0.0008441255164183526,0.0012548911170247442,0.004502511236789436,0.0005028674248242002,2,2
JP225,BUY,Russian,0,-82.50999999999476,0.3638401751192241,0.25468812258345686,0.5821442801907586,26.702177943861567,0.9496065918192776,68.71148847652114,60.14487661687369,0.002537956122613703,0.00035286491524594066,0.000769626690008589,0.004053340488235647,8.489494958849741e-05,2,2
JP225,BUY,Russian,0,-125.00999999999476,0.1718636009603397,1.271790647106514,0.2749817615365435,28.68761670306695,0.8897290747669466,72.73209644248392,59.3680820237916,0.002358220851578291,0.00022366562029585278,0.0005479068878518731,0.00393567095467032,-4.668450450347914e-05,2,2
JP225,BUY,Russian,0,-120.01000000000204,0.22801611778933306,0.4023813843341172,0.01341271281113724,11.39150893431179,0.09935387207912162,186.39033245564806,50.12405791601387,0.007216411258940792,0.0006284115203340737,0.0001727721489061649,0.0034735861851655225,-0.0006213409226548952,5,0
JP225,BUY,Russian,0,-140.01000000000204,0.32260264638135133,0.38125767299614244,0.1173100532295823,11.680128279815069,0.32624848408936546,170.48837204820705,51.16658902593761,0.008052514526308494,-0.0001214143678252128,0.0006575875838881069,0.0041554849582779935,0.0003345817153265966,6,0
JP225,BUY,Russian,0,-105.01000000000204,0.03164513507992603,0.41138675603903835,0.22151594555948217,9.807320533938727,0.36624601603630574,158.00216960273718,51.1659758802871,0.008035669165969388,-1.1596299815445816e-05,0.0007072172523564887,0.003933956495796386,0.0003257933953885774,6,0
JP225,BUY,Russian,0,-215.01000000000204,0.6973105073982662,0.22109845356530392,0.5442423472376712,8.450774946582568,0.8025988964015827,146.99333928358192,54.208851659476096,0.0069915423533554585,0.0004486340735656306,0.001466783937908959,0.004731663602235261,0.0016085422765095732,6,0
JP225,BUY,Russian,0,-147.51000000000204,0.8484623446071425,0.19283235104707785,0.09641617552353893,13.899579326546155,0.516939128121412,129.64629567730847,53.17163407163838,0.006265419203331195,-0.0003938385021732933,0.000784632680040485,0.0046570285802677615,0.0020326828665353422,7,0
JP225,BUY,Russian,0,-162.51000000000204,0.7908198877179483,0.14961457335204428,0.4488437200561328,36.75488367340059,0.464436893267918,116.96721521119711,54.72453865251034,0.009971328094603826,-0.0006519536371350569,0.0011890733386943912,0.003013518929648829,0.002965205913375676,11,0
JP225,BUY,Russian,0,-70.01000000000204,0.1320278256171757,0.17603710082290094,0.3080649264400766,36.13849675695592,0.4503954776865919,113.61241412468303,55.29267387259794,0.009210287996972273,-0.00039870774097330847,0.0010733580279922834,0.003106151351016862,0.003105200097644607,11,0
JP225,BUY,Russian,0,-202.51000000000204,0.44069726188593744,0.26673781640464633,0.23194592730838812,16.130223735227432,0.8854570771094745,215.56748411245673,57.29420812886731,0.013796215422734156,0.000761362898772904,0.0030199531374933714,0.0008319385831444759,0.0053592769701803445,5,1
JP225,BUY,Russian,1,205.01000000000204,0.753227106364717,0.17933978722969451,0.047823943261251875,13.113280070761181,1.0459721080027538,209.10028153412946,58.52146931978352,0.011385074513394825,0.0023369543925592356,0.0030729042086693557,0.0020350622849239328,0.0061723486660707995,5,1
JP225,BUY,Russian,0,-27.50999999999476,0.11770935593554738,0.05885467796777369,0.4708374237421895,15.748552424092606,1.2577393205655045,42.47750707885775,55.201910486024026,0.001569061808983589,0.0002788171967096015,0.0004727186353854043,0.008803629803326484,0.00017229099602784505,1,2
JP225,BUY,Russian,0,-300.00999999999476,0.551023869028082,0.29519135840790106,1.5153156398272254,23.722728827012396,1.3850841577272497,127.03623914417503,61.6240059946239,0.00913065804496552,0.0009416487635921914,0.0030088885937879827,0.010352588529253307,0.0009947887362712997,3,2
JP225,BUY,Russian,0,-310.00999999999476,1.1409397574467717,0.3259827878419348,0.5541707393312891,21.390388399627135,0.670232246621226,153.382331413904,54.69818836239944,0.009988414654192873,-0.00039279364873536345,0.0016178229899075217,0.009303297094469455,-0.00016049060066166334,3,2
JP225,BUY,Russian,0,-160.00999999999476,0.2556924168989791,0.30081460811644595,0.40609972095720204,16.9545704288967,0.7011528245632531,166.21533213787575,55.684057246474225,0.0062204784994127115,0.0006103695787374254,0.0010430116360642572,0.009816214587709381,0.0014271623447378455,4,2
JP225,BUY,Russian,1,80.00999999999476,0.34362738058961795,0.0,0.1561942639043718,15.76251880824736,1.1577834063639736,160.05709412802747,58.07498088599128,0.006425136407021847,0.0011707419112728806,0.0017729003899504335,0.010578755480483244,0.002239940108863764,4,2
JP225,BUY,Russian,0,-132.50999999999476,0.03353904634531046,0.2850818939351389,0.5701637878702778,13.90132948636405,0.9988934026403381,149.07996931460505,58.32373726246747,0.006980296100741543,0.00065477938438471,0.0016628802006815708,0.010447726528815414,0.002246367665811402,5,2
JP225,BUY,Russian,1,50.00999999999476,0.36349638677018,0.20194243709454443,0.2423309245134533,38.454146094275565,1.0488710366483454,61.898827110558294,69.17528146890916,0.0023087666336409824,0.0004094092140636668,0.0008253770329447281,0.0030197519055637717,3.280031141489187e-05,20,2
JP225,BUY,Russian,0,-90.00999999999476,0.6304179299149608,0.6698190505346459,0.11820336185905515,38.84814295222301,0.8203260221932227,63.44997199777572,63.89367206948773,0.0019223181039174694,1.558044712074888e-06,0.0003901533707934126,0.0031514136287296,-7.750979130002452e-06,20,2
JP225,BUY,Russian,0,-55.00999999999476,0.556913340606421,0.15911809731612028,0.15911809731612028,38.37570984809935,1.7690747110849019,62.84640256936317,67.4195229662349,0.002070882007872858,0.0004520231385503437,0.0008804650195326692,0.003772900238080307,0.0005548526686741511,20,2
JP225,BUY,Russian,0,-100.00999999999476,0.8556799696336349,0.06111999783097392,0.3055999891548696,24.113626794748146,0.7522237322221228,81.80628562565391,53.23003708569555,0.0038683147762930753,0.0003520108421645505,0.000692279049779365,0.0036889797401330445,-0.0016066136585888933,23,2
JP225,BUY,Russian,0,-120.00999999999476,0.23529143090459487,0.23529143090459487,0.3361306155779927,36.2430856849936,0.36416448789481776,148.75169854439653,58.0645469221781,0.009828065782136824,-0.0005807119912839682,0.0010084643032764423,0.008745749264149175,0.0013558751852520107,4,3
JP225,BUY,Russian,0,-75.00999999999476,0.20716063523563882,0.483374815549824,0.0,10.708920546740938,0.3735978158505815,108.61136805458693,51.22887560941737,0.005757365006792863,-7.172711894636473e-05,0.0005698436503849102,0.002573483479652776,-0.0014336908686527533,7,3
JP225,BUY,Russian,0,-145.01000000000204,0.7397675842232424,0.0,0.13587567873488127,12.851050753554018,1.790731644619248,165.59254908232464,56.4919169273374,0.004896104233047295,0.002026616854897033,0.0025589629052810946,0.0012723119348910037,0.0024733836426738746,6,0
JP225,BUY,Russian,1,115.01000000000204,0.3694597960668143,0.1086646459020042,0.5215903003296202,13.162149652246143,1.053853236432139,115.03281399612467,57.39388848016804,0.0070788683040577454,0.0006975935544435823,0.0018858107412409227,0.0017721816504556245,0.002343163762669794,8,0
JP225,BUY,Russian,0,-95.01000000000204,0.176053395471272,0.176053395471272,0.484146837545998,13.529331278844094,0.7811818494390258,113.60189871068721,55.4382230478263,0.006614953867368626,0.00028020504763255285,0.0013354356843467896,0.001436998158346427,0.001982040496728373,8,0
JP225,BUY,Russian,1,90.01000000000204,0.11169086233581711,0.13402903480298053,0.5584543116790855,13.633179037022849,0.6410457151974946,111.91604880278098,54.768305059633335,0.005642003187350013,0.00013154947762235154,0.0010188471944822587,0.0013423065545588103,0.0018538296910244247,8,0
JP225,BUY,Russian,0,-65.01000000000204,0.16119389971811612,0.16119389971811612,0.27633239951677047,13.790166137713605,0.7419718385717169,108.56490245972519,55.915694941824896,0.0048876984221895466,0.00029043286938981554,0.0010094086372327306,0.0015957026274680533,0.002073520852915847,8,0
JP225,BUY,Russian,1,57.51000000000204,0.2859391988791496,0.09531306629304985,0.16679786601283725,13.891750930832755,0.28569657814454336,104.91740942688769,52.79101899628535,0.004221405661006567,-0.00016892951700855176,0.00033273416427850096,0.0011165973063907617,0.0015614248083938122,8,0
JP225,BUY,Russian,1,85.01000000000204,0.5536731727838782,0.2648002130705504,0.0,14.610888871552245,1.0736051670269096,103.85188018211,57.68787601698957,0.0037369567083953645,0.0006364582256186989,0.0011101312630232283,0.0021005917250294394,0.0025077963445315162,9,0
JP225,BUY,Russian,1,75.01000000000204,0.24560120481745243,0.024560120481745242,0.4666422891531596,15.308665777750836,1.4374041850449562,101.79103159767358,59.67011990696087,0.003017983688069339,0.0008484819097216226,0.0013488164128628024,0.002540810362117586,0.002914877843145001,9,0
JP225,BUY,Russian,0,-140.01000000000204,1.5457410041523263,0.0,0.15154323570120845,18.90578776961918,0.17202427959154792,82.48471099459519,47.07198142656663,0.005357301675557133,-0.0008146875778551455,0.0002192146096388197,0.0010334271517189711,0.0008871825893276932,22,1
JP225,BUY,Russian,0,-262.51000000000204,0.47354237954971407,0.36341624477071083,0.3193657908591095,23.079509697826637,0.3805652549401864,227.01241671805698,51.83151169289303,0.024072863807582893,-0.002007173710999921,0.0022486669692585964,0.0028810087069473904,-0.0019467257306556539,3,2
JP225,BUY,Russian,0,-300.01000000000204,0.9688845294498876,0.021530767321108615,0.3014307424955206,21.792201766255076,0.893767875586522,232.22581552391006,57.647058541389015,0.023203014293113604,0.0012311107686210688,0.005220322561464608,0.0064116458465193205,0.0015949166239396066,3,2
JP225,BUY,Russian,0,-135.01000000000204,0.1127149131150069,0.2930587740990179,0.20288684360701242,18.87498241695471,0.23389524474387755,221.79851191910728,52.69678392534247,0.018786967404481263,-0.000935256816572951,0.0011255323321141411,0.0039877603899034705,-0.0008185234376063346,3,2
JP225,BUY,Russian,0,-55.01000000000204,0.10799050096755473,0.17278480154808756,0.19438290174159853,16.93748618445674,0.6833588222296627,115.75092149776738,56.77974751744575,0.005597966050929132,7.134157908143055e-05,0.001022521851022911,0.0021752789881484776,-0.00024197329229915088,12,3
JP225,BUY,Russian,0,-72.51000000000204,0.04438070587581047,0.2440938823169576,0.3550456470064838,16.98813133837068,0.6162704378841658,112.66156996221257,56.77974751744575,0.005274214614618984,5.70724489373247e-05,0.000828235680439278,0.002130300892606142,-0.00024094309145870349,12,3
JP225,BUY,Russian,0,-42.51000000000204,0.37301241938148344,0.08289164875144077,0.2486749462543223,25.84199207563708,0.49074688396255917,60.31970741700434,57.57600943980305,0.005406987771199725,-0.00010602986611314206,0.0007046198054655442,0.0010115714913508493,0.0015319937534174148,21,0
JP225,BUY,Russian,1,17.510000000002037,0.1670975718233302,0.1670975718233302,0.055699190607776734,39.23351511317543,0.2635274126125345,44.88395563239925,55.84311035904498,0.004887803354844189,-0.00023740211760782184,0.0003343216650743017,0.004243788808833643,1.0511509498336085e-05,1,1
JP225,BUY,Russian,0,-40.01000000000204,0.7297614418644279,0.0,0.16840648658409874,37.72110369173972,0.6268486669013791,44.535101658656444,59.521971182090134,0.004582970688918987,0.00025143645018429355,0.0007358280944086088,0.004819038874071928,0.0004102448361245325,1,1
JP225,BUY,Russian,1,25.010000000002037,0.5418401213204895,0.0,0.06020445792449884,34.60620503555213,0.05384784954243002,41.5251641852701,55.019481174375215,0.004114591404533719,-0.0002047709411585652,5.579922711307791e-05,0.004376965727424023,-0.00011623976543312725,1,1
JP225,BUY,Russian,1,15.010000000002037,0.37179516918908767,0.0,0.0,33.07155287433463,0.3625333328955685,40.34479531489366,57.91114121563951,0.00392989004332889,0.00015143005836333774,0.0003558818085320443,0.00479528980104898,0.0002720050787303309,1,1
JP225,BUY,Russian,0,-130.01000000000204,0.27527880619600636,0.052434058323048836,0.35392989368057964,17.296592289767204,0.3714144044483527,190.71573553184658,48.8171203481192,0.013329897637145127,-0.0007181841793235443,0.001178406257266441,0.0031670133688278587,-0.0013617194321886225,5,1
JP225,BUY,Russian,1,85.01000000000204,0.027297849498716237,0.32757419398459486,0.10919139799486495,16.65400104477498,0.3557701881572169,183.16461156528612,48.901453589584506,0.013369433886708712,-0.0005430560096492456,0.001131247347356834,0.00320660163081412,-0.0012972420291839247,5,1
JP225,BUY,Russian,0,-155.01000000000204,0.4113792726381029,0.5485056968508039,0.10284481815952573,10.717385302356934,1.057748795175654,145.85080968039676,53.76330321249965,0.004739512996918515,0.0008637784207989329,0.0011927750575534198,0.0051259917411667286,0.000845005258992226,6,1
JP225,BUY,Russian,0,-130.01000000000204,0.3800478762493038,0.34549806931754895,0.17274903465877448,10.917936505384572,1.5740550787245295,144.71860898893985,55.91755181384168,0.005054362709578811,0.0013215162644921107,0.001895127640734384,0.005877759447528248,0.0016125773611072823,6,1
JP225,BUY,Russian,0,-140.01000000000204,0.46751120734178075,0.398250287735591,0.10389137940928461,11.183048809128099,0.6690213443770965,144.38156548972987,52.49348328952524,0.005001857731871732,0.0002372605621259705,0.0008132250084067471,0.004812340310426895,0.0005704911073851908,7,1
JP225,BUY,Russian,0,-117.51000000000204,0.035007754319950374,0.08751938579987593,0.7001550863990075,10.734330301573594,1.608110000606447,142.82549958226193,56.74188991865948,0.00559662587102881,0.001339500068727513,0.002174390782457708,0.006223650394102522,0.002124410403971619,7,1
JP225,BUY,Russian,0,-90.01000000000204,0.5678296797173872,0.11356593594347743,0.0,11.149532581733359,0.3252949322959417,132.0818595416288,50.87680043641344,0.006098866531350771,-0.0005243241908787266,0.00048811353064149925,0.004579316658981807,0.0005649540371564658,7,1
JP225,BUY,Russian,1,62.51000000000204,0.21634510607488333,0.1180064214953909,0.15734189532718787,10.70458022945586,0.5952378163753322,127.11172671722674,52.580249058528715,0.00591287461024418,-9.858923762029824e-06,0.0008709820910990654,0.0050507426868633175,0.0010672024807568275,7,1
JP225,BUY,Russian,0,-150.01000000000204,0.9903173882063524,0.03883597600809225,0.13592591602832288,11.192612008375486,1.6990814013314084,128.74660338028198,58.431446067336,0.006193959773292943,0.0015354057036957426,0.0025823452666035836,0.00693971988365146,0.0029713398358413388,7,1
JP225,BUY,Russian,0,-175.01000000000204,0.46102865266597004,0.3457714894994775,0.5378667614436317,12.104053213147251,1.0137174384597512,130.14375495544724,55.46843046765838,0.00555409525487281,0.000421832066176786,0.0015082023585266842,0.0061874800561567,0.00228163334427404,7,1
JP225,BUY,Russian,1,117.51000000000204,0.3748673298715095,0.11837915680152931,0.43405690827227417,11.034658060833632,1.6113615867581097,126.71149554772144,58.32954209497896,0.004809102707914049,0.0012577168551764276,0.001872543467581968,0.0069299817844791275,0.0032787385062256333,8,1
JP225,BUY,Russian,0,-87.50999999999476,0.7300810752156761,0.40154459136862186,0.14601621504313522,26.20900633358534,0.8389391930369692,68.48554454754125,58.06608046783213,0.004955690464638289,0.00042245672237027236,0.0010996825630945949,0.01539120145029946,0.0004014155187824546,2,2
JP225,BUY,Russian,1,140.00999999999476,0.28753533037586787,0.3044491733391542,0.3551907022290132,33.15689513276861,0.6636611748034856,147.80792309746337,57.49676060467147,0.011756377103493993,-6.542633933231447e-05,0.001858567209018506,0.016691366441709873,0.0011678605891909035,3,2
JP225,BUY,Russian,1,85.00999999999476,0.34836318976119757,0.09953233993177074,0.11612106325373253,23.045904835659652,0.5419796008494687,150.70478610552587,57.226298856286775,0.008509076001058106,0.001140619653632284,0.0012733688783162392,0.0162888628075755,0.0017724690713408328,4,2
JP225,BUY,Russian,0,-112.50999999999476,0.5214737742794536,0.11174438020274007,0.2048646970383568,21.231786212942854,1.1344941699680604,134.23493846209715,61.24952556309872,0.00647240905438535,0.001510774524861364,0.001763406662310769,0.01727640066602836,0.003149424906335828,4,2
JP225,BUY,Russian,0,-92.50999999999476,0.49312893349099135,0.3698467001182435,0.2773850250886826,14.66830763193552,0.33389073041211986,81.11468884380668,50.72163826705575,0.005217636298758308,-0.0005478225908546661,0.0004228428007728321,0.011043989110685506,0.00109301863931787,7,2
JP225,BUY,Russian,1,65.00999999999476,0.186019542302829,0.0,0.62006514100943,18.776027311747107,1.3229476159426334,80.63668910431396,55.17650896507177,0.003950585130649493,0.0009049140607782494,0.0012594886864245177,0.005382821936240937,0.002028901082554197,12,2
JP225,BUY,Russian,0,-25.00999999999476,0.3107993385650706,0.0,0.1331997165278874,19.260405034331022,0.27375517500827956,56.306426135897674,53.41998773735463,0.002914307399895429,2.1711570255631906e-05,0.00018974320927804626,0.004181177960859134,0.00011236366197975924,2,0
JP225,BUY,Russian,0,-95.00999999999476,0.26984230239007445,0.8769874827677421,0.13492115119503723,16.596708409373115,0.5159424562413087,74.11736344840665,54.03321682774495,0.002838904712270337,0.000156870607888792,0.0003701820740170502,0.004119372601727598,5.859770428797806e-05,2,0
JP225,BUY,Russian,1,210.00999999999476,0.3358978236087415,0.5598297060145692,0.671795647217483,16.34636842043038,1.24486216849477,133.9693110141036,55.99828477308548,0.005303192972906348,0.0009724661961011126,0.001606503886779942,0.005126080922244221,0.0010599818293947304,3,0
JP225,BUY,Russian,0,-170.00999999999476,0.6719768912687828,0.127995598336911,0.2879900962580497,18.138523186964438,0.6207894462802075,156.25537330866524,53.445505259147346,0.008795980863527546,-0.0003592477812794946,0.001313820075528254,0.005687424830002148,0.0004230616382586525,3,0
JP225,BUY,Russian,0,-120.00999999999476,0.21687318349220405,0.3336510515264678,0.2502382886448508,16.389576960225114,0.7179239147096674,149.85716295886937,54.68156233316695,0.009075712505634357,0.00017727456633210786,0.0015572414061246174,0.006192250507025901,0.0009044261401317618,3,0
JP225,BUY,Russian,0,-52.50999999999476,0.09926963181016624,0.32262630338304027,0.09926963181016624,17.630452881172864,0.38455316997381,100.73574181400254,51.34271709214411,0.004266874845975671,0.0006471566136382336,0.0003925846507898085,0.0025589006601041886,0.002605828739042139,17,0
JP225,BUY,Russian,0,-52.50999999999476,0.07004370978440408,0.6303933880596367,0.03502185489220204,15.553754271820777,0.08861784298478614,71.38399744088511,48.8598289447928,0.002596454844024926,3.5140108120488026e-05,5.698490881485609e-05,0.0007029373811491019,0.0005011764795256982,11,1
JP225,BUY,Russian,1,82.50999999999476,1.025143468364289,0.03534977477118238,0.10604932431354715,13.888606931923675,2.322645531202489,70.72180844665618,58.38381211163098,0.0024514428314590456,0.0012381272157355031,0.0014065043569659243,0.002299667067460263,0.0020545847817922476,11,1
JP225,BUY,Russian,1,55.00999999999476,0.3865086737325613,0.1405486086300223,0.24596006510253904,14.773994532440298,0.8094853196970883,71.14976161965306,53.74459730158339,0.0038357399534044425,0.00012252689206201182,0.0007385876848024903,0.00200954823973233,0.0016630667149117268,12,1
JP225,BUY,Russian,0,-30.00999999999476,0.5779941349732636,0.12844314110516966,0.06422157055258483,28.379904305973326,0.4532325744707355,38.927730643911794,54.975982828653315,0.0039094993767821735,-0.00021720990147616276,0.0004419205473373753,0.00037412957074216095,7.60732548308575e-05,1,2
JP225,BUY,Russian,0,-45.00999999999476,0.8891945647503828,0.0,0.2540555899286808,27.340609995207384,0.7926465443680815,39.36146416934667,58.71677831701302,0.0038102646999658126,0.00015402124376274418,0.0007487254990782721,0.0007760768086405629,0.0003634511051794954,1,2
JP225,BUY,Russian,0,-10.009999999994761,0.13793904398237353,0.0,0.13793904398237353,24.537742534689116,0.20807709384528345,36.24789512561014,53.58677741586309,0.003494754511513025,-0.00022325644298323055,0.0001839512199637086,0.0003533784284470814,-4.766052141476102e-05,1,2
JP225,BUY,Russian,0,-15.009999999994761,0.07700186881819657,0.3850093440909828,0.0,18.446911349867065,0.07356993059124575,32.46674448775478,56.07416038512217,0.00198834625901399,0.00019584003247084594,4.0870895780041825e-05,0.0005133262586863867,0.000261615163055083,1,2
JP225,BUY,Russian,0,-7.509999999994761,0.1471751168210455,0.07358755841052275,0.0,21.402570339091284,0.49337621019111255,33.97313423626934,54.19840812640414,0.0011310753089285802,0.00010779702417344478,0.00015336747765260053,0.004610558616542559,-9.097771979339708e-05,1,3
JP225,BUY,Russian,0,-62.50999999999476,1.232884924821156,0.2348352237754583,0.0,19.85688762406415,0.060958787645469734,42.583049677256554,45.06405741403339,0.0021743584063782222,-0.00034835568942088237,3.160648226631419e-05,0.005234040019657683,-0.0005240213835078809,1,4
JP225,BUY,Russian,1,60.00999999999476,1.4759075404221074,0.0,0.06416989306183075,17.918331145897042,1.7784224220308829,38.95908004071521,56.97857420881445,0.001974521291417576,0.0006382611624298522,0.0009295782005335339,0.0060863416013851625,0.0005604148669795932,2,4
JP225,BUY,Russian,0,-215.00999999999476,0.17795586963239657,2.535871142261651,1.1122241852024786,22.01713993929847,1.4016555900496477,56.19370701655978,59.24789149514353,0.0027773398663543435,0.000289932760631179,0.0009342952382863441,0.006434971766211622,5.617600926945715e-05,2,4
JP225,BUY,Russian,0,-37.50999999999476,0.7915951895264487,0.0,0.05654251353760348,20.59975908826899,1.712175450610032,44.21451830819973,59.55657790464241,0.0017467888839402597,0.0003538069718304734,0.0007137564630043552,0.00010475679032877723,0.00016134991489010834,14,4
JP225,BUY,Russian,0,-42.50999999999476,0.08934823024348948,0.8041340721914054,0.6254376117044264,41.01821481469878,0.25406003681443606,27.98040871304406,61.46167153937352,0.00435700798362834,-0.00015572996438061506,0.00028550705180636215,0.0019826208190827223,-0.00019548324309370138,2,0
JP225,BUY,Russian,0,-37.50999999999476,0.49441828599487564,0.0,0.03531559185677683,15.85099564519835,1.0660008669947836,70.79026199359211,52.874949879419724,0.0024279746555051322,0.000588309492612068,0.0007678329798886115,0.0002553277289874221,-0.0006911449863176026,6,0
JP225,BUY,Russian,0,-30.00999999999476,0.3200264423367452,0.1371541895728908,0.0914361263819272,28.227623514461257,0.24848099287794742,54.682981419347115,54.44433617470551,0.003969971197889615,-0.0002959703542992138,0.0002611050087084603,0.0021265428281210625,0.000972503923598246,7,0
JP225,BUY,Russian,0,-60.00999999999476,0.8626518667290893,0.18161091931138723,0.04540272982784681,28.111540718310774,0.7703465998477493,55.06276846082232,59.56959096752108,0.0036063581004143167,0.0002567837829140429,0.0007382531458902242,0.00274292702406203,0.0015828780847407119,7,0
JP225,BUY,Russian,0,-52.50999999999476,0.5472340708688636,0.1368085177172159,0.2736170354344318,23.977293410090276,0.3761283407494662,54.821148018740686,49.297274037024174,0.00244267928218723,0.00022196972523990584,0.00021925342420489626,0.0017265546872719429,0.0011459151764616948,14,0
JP225,BUY,Russian,0,-20.00999999999476,0.1909905069946151,0.1909905069946151,0.0,22.061161889334155,0.5422226312166135,52.358623249698724,50.43172264123204,0.0025035934533695985,0.00029695249968922854,0.00032284775169210566,0.0017100205383022767,0.0012077197054618687,14,0
